encoder,gold_mode,variant,case_id,task_id,gold_text,answer,cosine_similarity
sentence-transformers/all-MiniLM-L6-v2,english_gold,en,capital_maharashtra__en,capital_maharashtra,Mumbai,"Mumbai is the capital of Maharashtra, the most populous state in India.",0.6753387451171875
sentence-transformers/all-MiniLM-L6-v2,english_gold,hi,capital_maharashtra__hi,capital_maharashtra,Mumbai,"महाराष्ट्र की राजधानी मुंबई है, जो भारत का एक प्रमुख आर्थिक केंद्र है।",0.3474404811859131
sentence-transformers/all-MiniLM-L6-v2,english_gold,hinglish,capital_maharashtra__hinglish,capital_maharashtra,Mumbai,Maharashtra ki rajdhani Mumbai hai. Ye India ka financial capital bhi hai.,0.5522770285606384
sentence-transformers/all-MiniLM-L6-v2,english_gold,en,planets_count__en,planets_count,Eight,"There are eight planets in our solar system—Mercury, Venus, Earth, Mars, Jupiter, Saturn, Uranus, and Neptune. Pluto was reclassified as a dwarf planet in 2006, so it is no longer counted among the main planets.",0.21123558282852173
sentence-transformers/all-MiniLM-L6-v2,english_gold,hi,planets_count__hi,planets_count,Eight,"हमारे सौर मंडल में 8 ग्रह हैं: बुध, शुक्र, पृथ्वी, मंगल, बृहस्पति, शनि, यूरेनस और नेपच्यून। 2006 में प्लूटो को बौना ग्रह घोषित कर दिया गया, इसलिए अब इसे मुख्य ग्रहों में नहीं गिना जाता।",0.19336743652820587
sentence-transformers/all-MiniLM-L6-v2,english_gold,hinglish,planets_count__hinglish,planets_count,Eight,Hamare Saur Mandal mein 8 grah hain. 2015 se Pluto ko dwarf planet gina jata hai.,0.2707577049732208
sentence-transformers/all-MiniLM-L6-v2,english_gold,en,freedom_year__en,freedom_year,1947,"India gained independence in 1947, ending nearly 200 years of British colonial rule.",0.4320371747016907
sentence-transformers/all-MiniLM-L6-v2,english_gold,hi,freedom_year__hi,freedom_year,1947,"भारत को 1947 में स्वतंत्रता मिली, 15 अगस्त को आज़ादी का दिन मनाया जाता है।",0.2900780737400055
sentence-transformers/all-MiniLM-L6-v2,english_gold,hinglish,freedom_year__hinglish,freedom_year,1947,"Bharat ko 1947 mein aazadi mili, 15 August ko. Yeh din aaj bhi Independence Day ke roop mein manaya jata hai.",0.4502260684967041
sentence-transformers/all-MiniLM-L6-v2,english_gold,en,water_formula__en,water_formula,H2O,"The chemical formula of water is **H₂O**, indicating that each molecule contains two hydrogen atoms bonded to one oxygen atom.",0.40481820702552795
sentence-transformers/all-MiniLM-L6-v2,english_gold,hi,water_formula__hi,water_formula,H2O,"पानी का रासायनिक सूत्र **H₂O** है, अर्थात् दो हाइड्रोजन और एक ऑक्सीजन परमाणु से बना होता है.",0.16346724331378937
sentence-transformers/all-MiniLM-L6-v2,english_gold,hinglish,water_formula__hinglish,water_formula,H2O,Pani ka rasayanik sutra H₂O hai. Isme do hydrogen atoms aur ek oxygen atom hota hai.,0.3136459290981293
sentence-transformers/all-MiniLM-L6-v2,english_gold,en,national_animal_india__en,national_animal_india,Bengal tiger,"The national animal of India is the Bengal tiger, chosen for its strength, beauty, and cultural significance.",0.7742231488227844
sentence-transformers/all-MiniLM-L6-v2,english_gold,hi,national_animal_india__hi,national_animal_india,Bengal tiger,"भारत का राष्ट्रीय पशु हाथी है, जिसे 1972 में राष्ट्रीय पशु घोषित किया गया था।",0.24564220011234283
sentence-transformers/all-MiniLM-L6-v2,english_gold,hinglish,national_animal_india__hinglish,national_animal_india,Bengal tiger,Bharat ka rashtriya pashu bhains (water buffalo) hai. Ye pashu desh ki arthavyavastha aur parampara mein bahut mahatvapurn hai.,0.3515484929084778
sentence-transformers/all-MiniLM-L6-v2,english_gold,en,largest_ocean__en,largest_ocean,Pacific Ocean,"The Pacific Ocean is the largest ocean on Earth, covering about 63 million square miles (163 million km²). It stretches from the Arctic in the north to the Antarctic in the south, larger than all the Earth's landmasses combined.",0.6051982045173645
sentence-transformers/all-MiniLM-L6-v2,english_gold,hi,largest_ocean__hi,largest_ocean,Pacific Ocean,"पैसिफिक महासागर पृथ्वी का सबसे बड़ा महासागर है, जो लगभग 46.6 मिलियन वर्ग मील क्षेत्रफल को कवर करता है।",0.07423043996095657
sentence-transformers/all-MiniLM-L6-v2,english_gold,hinglish,largest_ocean__hinglish,largest_ocean,Pacific Ocean,Sabse bada mahasagar Pacific Ocean hai. Yeh dharti ke 46% surface area ko cover karta hai.,0.449526309967041
sentence-transformers/all-MiniLM-L6-v2,english_gold,en,sun_rise_direction__en,sun_rise_direction,East,"The sun rises in the east, because Earth rotates from west to east, making the sun appear to move across the eastern horizon.",0.40379735827445984
sentence-transformers/all-MiniLM-L6-v2,english_gold,hi,sun_rise_direction__hi,sun_rise_direction,East,"सूर्य पूर्व दिशा में उगता है, क्योंकि पृथ्वी अपने अक्ष पर घूर्णन करती है।",0.09204135835170746
sentence-transformers/all-MiniLM-L6-v2,english_gold,hinglish,sun_rise_direction__hinglish,sun_rise_direction,East,"Suraj purvi disha mein ugta hai, kyunki dharti apni dhur par ghuma kar subah ki taraf hoti hai.",0.08949006348848343
sentence-transformers/all-MiniLM-L6-v2,english_gold,en,days_in_leap_year__en,days_in_leap_year,366,"A leap year has 366 days, because an extra day (February 29) is added to keep the calendar in sync with the Earth’s orbit.",0.2308633029460907
sentence-transformers/all-MiniLM-L6-v2,english_gold,hi,days_in_leap_year__hi,days_in_leap_year,366,एक लीप वर्ष में 366 दिन होते हैं। यह इसलिए होता है क्योंकि फरवरी में 29 दिन होते हैं।,0.31088995933532715
sentence-transformers/all-MiniLM-L6-v2,english_gold,hinglish,days_in_leap_year__hinglish,days_in_leap_year,366,"Leap year mein 366 din hote hain, kyunki February mein 29 din hote hain.",0.2948731780052185
sentence-transformers/all-MiniLM-L6-v2,english_gold,en,father_of_nation_india__en,father_of_nation_india,Mahatma Gandhi,"Mahatma Gandhi is called the “Father of the Nation” in India, for leading the country’s non‑violent struggle for independence from British rule.",0.690437912940979
sentence-transformers/all-MiniLM-L6-v2,english_gold,hinglish,father_of_nation_india__hinglish,father_of_nation_india,Mahatma Gandhi,Mahatma Gandhi ko Bharat ka rashtrapita mana jata hai. Unhone ahimsa aur satyagraha se desh ki azadi ki ladai ladhi.,0.644942045211792
sentence-transformers/all-MiniLM-L6-v2,english_gold,en,boiling_point_water_c__en,boiling_point_water_c,100 degrees Celsius,Water boils at 100 °C at sea level (standard atmospheric pressure of 1 atm).,0.5373659133911133
sentence-transformers/all-MiniLM-L6-v2,english_gold,hi,boiling_point_water_c__hi,boiling_point_water_c,100 degrees Celsius,समुद्र तल पर पानी 100 डिग्री सेल्सियस पर उबलता है। यह मान मानक वायुमंडलीय दबाव (1 atm) पर लागू होता है।,0.16773788630962372
sentence-transformers/all-MiniLM-L6-v2,english_gold,hinglish,boiling_point_water_c__hinglish,boiling_point_water_c,100 degrees Celsius,"Pani samudra tal par 100 °C par ubalta hai, kyunki yeh standard atmospheric pressure (1 atm) par hota hai.",0.4300714135169983
sentence-transformers/all-MiniLM-L6-v2,same_language_gold,en,capital_maharashtra__en,capital_maharashtra,Mumbai,"Mumbai is the capital of Maharashtra, the most populous state in India.",0.6753387451171875
sentence-transformers/all-MiniLM-L6-v2,same_language_gold,hi,capital_maharashtra__hi,capital_maharashtra,मुंबई,"महाराष्ट्र की राजधानी मुंबई है, जो भारत का एक प्रमुख आर्थिक केंद्र है।",0.21493029594421387
sentence-transformers/all-MiniLM-L6-v2,same_language_gold,hinglish,capital_maharashtra__hinglish,capital_maharashtra,Mumbai,Maharashtra ki rajdhani Mumbai hai. Ye India ka financial capital bhi hai.,0.5522770285606384
sentence-transformers/all-MiniLM-L6-v2,same_language_gold,en,planets_count__en,planets_count,Eight,"There are eight planets in our solar system—Mercury, Venus, Earth, Mars, Jupiter, Saturn, Uranus, and Neptune. Pluto was reclassified as a dwarf planet in 2006, so it is no longer counted among the main planets.",0.21123558282852173
sentence-transformers/all-MiniLM-L6-v2,same_language_gold,hi,planets_count__hi,planets_count,आठ,"हमारे सौर मंडल में 8 ग्रह हैं: बुध, शुक्र, पृथ्वी, मंगल, बृहस्पति, शनि, यूरेनस और नेपच्यून। 2006 में प्लूटो को बौना ग्रह घोषित कर दिया गया, इसलिए अब इसे मुख्य ग्रहों में नहीं गिना जाता।",0.16890445351600647
sentence-transformers/all-MiniLM-L6-v2,same_language_gold,hinglish,planets_count__hinglish,planets_count,Aath,Hamare Saur Mandal mein 8 grah hain. 2015 se Pluto ko dwarf planet gina jata hai.,0.12812358140945435
sentence-transformers/all-MiniLM-L6-v2,same_language_gold,en,freedom_year__en,freedom_year,1947,"India gained independence in 1947, ending nearly 200 years of British colonial rule.",0.4320371747016907
sentence-transformers/all-MiniLM-L6-v2,same_language_gold,hi,freedom_year__hi,freedom_year,१९४७,"भारत को 1947 में स्वतंत्रता मिली, 15 अगस्त को आज़ादी का दिन मनाया जाता है।",0.22890935838222504
sentence-transformers/all-MiniLM-L6-v2,same_language_gold,hinglish,freedom_year__hinglish,freedom_year,1947,"Bharat ko 1947 mein aazadi mili, 15 August ko. Yeh din aaj bhi Independence Day ke roop mein manaya jata hai.",0.4502260684967041
sentence-transformers/all-MiniLM-L6-v2,same_language_gold,en,water_formula__en,water_formula,H2O,"The chemical formula of water is **H₂O**, indicating that each molecule contains two hydrogen atoms bonded to one oxygen atom.",0.40481820702552795
sentence-transformers/all-MiniLM-L6-v2,same_language_gold,hi,water_formula__hi,water_formula,H2O,"पानी का रासायनिक सूत्र **H₂O** है, अर्थात् दो हाइड्रोजन और एक ऑक्सीजन परमाणु से बना होता है.",0.16346724331378937
sentence-transformers/all-MiniLM-L6-v2,same_language_gold,hinglish,water_formula__hinglish,water_formula,H2O,Pani ka rasayanik sutra H₂O hai. Isme do hydrogen atoms aur ek oxygen atom hota hai.,0.3136459290981293
sentence-transformers/all-MiniLM-L6-v2,same_language_gold,en,national_animal_india__en,national_animal_india,Bengal tiger,"The national animal of India is the Bengal tiger, chosen for its strength, beauty, and cultural significance.",0.7742231488227844
sentence-transformers/all-MiniLM-L6-v2,same_language_gold,hi,national_animal_india__hi,national_animal_india,बंगाल टाइगर,"भारत का राष्ट्रीय पशु हाथी है, जिसे 1972 में राष्ट्रीय पशु घोषित किया गया था।",0.46494513750076294
sentence-transformers/all-MiniLM-L6-v2,same_language_gold,hinglish,national_animal_india__hinglish,national_animal_india,Bengal tiger,Bharat ka rashtriya pashu bhains (water buffalo) hai. Ye pashu desh ki arthavyavastha aur parampara mein bahut mahatvapurn hai.,0.3515484929084778
sentence-transformers/all-MiniLM-L6-v2,same_language_gold,en,largest_ocean__en,largest_ocean,Pacific Ocean,"The Pacific Ocean is the largest ocean on Earth, covering about 63 million square miles (163 million km²). It stretches from the Arctic in the north to the Antarctic in the south, larger than all the Earth's landmasses combined.",0.6051982045173645
sentence-transformers/all-MiniLM-L6-v2,same_language_gold,hi,largest_ocean__hi,largest_ocean,प्रशांत महासागर,"पैसिफिक महासागर पृथ्वी का सबसे बड़ा महासागर है, जो लगभग 46.6 मिलियन वर्ग मील क्षेत्रफल को कवर करता है।",0.7759457230567932
sentence-transformers/all-MiniLM-L6-v2,same_language_gold,hinglish,largest_ocean__hinglish,largest_ocean,Prashant Mahasagar,Sabse bada mahasagar Pacific Ocean hai. Yeh dharti ke 46% surface area ko cover karta hai.,0.3845020532608032
sentence-transformers/all-MiniLM-L6-v2,same_language_gold,en,sun_rise_direction__en,sun_rise_direction,East,"The sun rises in the east, because Earth rotates from west to east, making the sun appear to move across the eastern horizon.",0.40379735827445984
sentence-transformers/all-MiniLM-L6-v2,same_language_gold,hi,sun_rise_direction__hi,sun_rise_direction,पूर्व,"सूर्य पूर्व दिशा में उगता है, क्योंकि पृथ्वी अपने अक्ष पर घूर्णन करती है।",0.5860543847084045
sentence-transformers/all-MiniLM-L6-v2,same_language_gold,hinglish,sun_rise_direction__hinglish,sun_rise_direction,Purab,"Suraj purvi disha mein ugta hai, kyunki dharti apni dhur par ghuma kar subah ki taraf hoti hai.",0.24510720372200012
sentence-transformers/all-MiniLM-L6-v2,same_language_gold,en,days_in_leap_year__en,days_in_leap_year,366,"A leap year has 366 days, because an extra day (February 29) is added to keep the calendar in sync with the Earth’s orbit.",0.2308633029460907
sentence-transformers/all-MiniLM-L6-v2,same_language_gold,hi,days_in_leap_year__hi,days_in_leap_year,३६६,एक लीप वर्ष में 366 दिन होते हैं। यह इसलिए होता है क्योंकि फरवरी में 29 दिन होते हैं।,0.20925050973892212
sentence-transformers/all-MiniLM-L6-v2,same_language_gold,hinglish,days_in_leap_year__hinglish,days_in_leap_year,366,"Leap year mein 366 din hote hain, kyunki February mein 29 din hote hain.",0.2948731780052185
sentence-transformers/all-MiniLM-L6-v2,same_language_gold,en,father_of_nation_india__en,father_of_nation_india,Mahatma Gandhi,"Mahatma Gandhi is called the “Father of the Nation” in India, for leading the country’s non‑violent struggle for independence from British rule.",0.690437912940979
sentence-transformers/all-MiniLM-L6-v2,same_language_gold,hinglish,father_of_nation_india__hinglish,father_of_nation_india,Mahatma Gandhi,Mahatma Gandhi ko Bharat ka rashtrapita mana jata hai. Unhone ahimsa aur satyagraha se desh ki azadi ki ladai ladhi.,0.644942045211792
sentence-transformers/all-MiniLM-L6-v2,same_language_gold,en,boiling_point_water_c__en,boiling_point_water_c,100 degrees Celsius,Water boils at 100 °C at sea level (standard atmospheric pressure of 1 atm).,0.5373659133911133
sentence-transformers/all-MiniLM-L6-v2,same_language_gold,hi,boiling_point_water_c__hi,boiling_point_water_c,१०० डिग्री सेल्सियस,समुद्र तल पर पानी 100 डिग्री सेल्सियस पर उबलता है। यह मान मानक वायुमंडलीय दबाव (1 atm) पर लागू होता है।,0.7229769229888916
sentence-transformers/all-MiniLM-L6-v2,same_language_gold,hinglish,boiling_point_water_c__hinglish,boiling_point_water_c,100 degree Celsius,"Pani samudra tal par 100 °C par ubalta hai, kyunki yeh standard atmospheric pressure (1 atm) par hota hai.",0.39692163467407227
sentence-transformers/LaBSE,english_gold,en,capital_maharashtra__en,capital_maharashtra,Mumbai,"Mumbai is the capital of Maharashtra, the most populous state in India.",0.5212615728378296
sentence-transformers/LaBSE,english_gold,hi,capital_maharashtra__hi,capital_maharashtra,Mumbai,"महाराष्ट्र की राजधानी मुंबई है, जो भारत का एक प्रमुख आर्थिक केंद्र है।",0.4730433225631714
sentence-transformers/LaBSE,english_gold,hinglish,capital_maharashtra__hinglish,capital_maharashtra,Mumbai,Maharashtra ki rajdhani Mumbai hai. Ye India ka financial capital bhi hai.,0.43280506134033203
sentence-transformers/LaBSE,english_gold,en,planets_count__en,planets_count,Eight,"There are eight planets in our solar system—Mercury, Venus, Earth, Mars, Jupiter, Saturn, Uranus, and Neptune. Pluto was reclassified as a dwarf planet in 2006, so it is no longer counted among the main planets.",0.13798630237579346
sentence-transformers/LaBSE,english_gold,hi,planets_count__hi,planets_count,Eight,"हमारे सौर मंडल में 8 ग्रह हैं: बुध, शुक्र, पृथ्वी, मंगल, बृहस्पति, शनि, यूरेनस और नेपच्यून। 2006 में प्लूटो को बौना ग्रह घोषित कर दिया गया, इसलिए अब इसे मुख्य ग्रहों में नहीं गिना जाता।",0.16987761855125427
sentence-transformers/LaBSE,english_gold,hinglish,planets_count__hinglish,planets_count,Eight,Hamare Saur Mandal mein 8 grah hain. 2015 se Pluto ko dwarf planet gina jata hai.,0.17451715469360352
sentence-transformers/LaBSE,english_gold,en,freedom_year__en,freedom_year,1947,"India gained independence in 1947, ending nearly 200 years of British colonial rule.",0.48993220925331116
sentence-transformers/LaBSE,english_gold,hi,freedom_year__hi,freedom_year,1947,"भारत को 1947 में स्वतंत्रता मिली, 15 अगस्त को आज़ादी का दिन मनाया जाता है।",0.49575769901275635
sentence-transformers/LaBSE,english_gold,hinglish,freedom_year__hinglish,freedom_year,1947,"Bharat ko 1947 mein aazadi mili, 15 August ko. Yeh din aaj bhi Independence Day ke roop mein manaya jata hai.",0.4453572630882263
sentence-transformers/LaBSE,english_gold,en,water_formula__en,water_formula,H2O,"The chemical formula of water is **H₂O**, indicating that each molecule contains two hydrogen atoms bonded to one oxygen atom.",0.50087970495224
sentence-transformers/LaBSE,english_gold,hi,water_formula__hi,water_formula,H2O,"पानी का रासायनिक सूत्र **H₂O** है, अर्थात् दो हाइड्रोजन और एक ऑक्सीजन परमाणु से बना होता है.",0.4919799566268921
sentence-transformers/LaBSE,english_gold,hinglish,water_formula__hinglish,water_formula,H2O,Pani ka rasayanik sutra H₂O hai. Isme do hydrogen atoms aur ek oxygen atom hota hai.,0.4544466733932495
sentence-transformers/LaBSE,english_gold,en,national_animal_india__en,national_animal_india,Bengal tiger,"The national animal of India is the Bengal tiger, chosen for its strength, beauty, and cultural significance.",0.4564370810985565
sentence-transformers/LaBSE,english_gold,hi,national_animal_india__hi,national_animal_india,Bengal tiger,"भारत का राष्ट्रीय पशु हाथी है, जिसे 1972 में राष्ट्रीय पशु घोषित किया गया था।",0.23699010908603668
sentence-transformers/LaBSE,english_gold,hinglish,national_animal_india__hinglish,national_animal_india,Bengal tiger,Bharat ka rashtriya pashu bhains (water buffalo) hai. Ye pashu desh ki arthavyavastha aur parampara mein bahut mahatvapurn hai.,0.11113200336694717
sentence-transformers/LaBSE,english_gold,en,largest_ocean__en,largest_ocean,Pacific Ocean,"The Pacific Ocean is the largest ocean on Earth, covering about 63 million square miles (163 million km²). It stretches from the Arctic in the north to the Antarctic in the south, larger than all the Earth's landmasses combined.",0.35892000794410706
sentence-transformers/LaBSE,english_gold,hi,largest_ocean__hi,largest_ocean,Pacific Ocean,"पैसिफिक महासागर पृथ्वी का सबसे बड़ा महासागर है, जो लगभग 46.6 मिलियन वर्ग मील क्षेत्रफल को कवर करता है।",0.45357757806777954
sentence-transformers/LaBSE,english_gold,hinglish,largest_ocean__hinglish,largest_ocean,Pacific Ocean,Sabse bada mahasagar Pacific Ocean hai. Yeh dharti ke 46% surface area ko cover karta hai.,0.4753395915031433
sentence-transformers/LaBSE,english_gold,en,sun_rise_direction__en,sun_rise_direction,East,"The sun rises in the east, because Earth rotates from west to east, making the sun appear to move across the eastern horizon.",0.3180408775806427
sentence-transformers/LaBSE,english_gold,hi,sun_rise_direction__hi,sun_rise_direction,East,"सूर्य पूर्व दिशा में उगता है, क्योंकि पृथ्वी अपने अक्ष पर घूर्णन करती है।",0.3492158353328705
sentence-transformers/LaBSE,english_gold,hinglish,sun_rise_direction__hinglish,sun_rise_direction,East,"Suraj purvi disha mein ugta hai, kyunki dharti apni dhur par ghuma kar subah ki taraf hoti hai.",0.037630267441272736
sentence-transformers/LaBSE,english_gold,en,days_in_leap_year__en,days_in_leap_year,366,"A leap year has 366 days, because an extra day (February 29) is added to keep the calendar in sync with the Earth’s orbit.",0.3770731985569
sentence-transformers/LaBSE,english_gold,hi,days_in_leap_year__hi,days_in_leap_year,366,एक लीप वर्ष में 366 दिन होते हैं। यह इसलिए होता है क्योंकि फरवरी में 29 दिन होते हैं।,0.442196249961853
sentence-transformers/LaBSE,english_gold,hinglish,days_in_leap_year__hinglish,days_in_leap_year,366,"Leap year mein 366 din hote hain, kyunki February mein 29 din hote hain.",0.4348873198032379
sentence-transformers/LaBSE,english_gold,en,father_of_nation_india__en,father_of_nation_india,Mahatma Gandhi,"Mahatma Gandhi is called the “Father of the Nation” in India, for leading the country’s non‑violent struggle for independence from British rule.",0.5125503540039062
sentence-transformers/LaBSE,english_gold,hinglish,father_of_nation_india__hinglish,father_of_nation_india,Mahatma Gandhi,Mahatma Gandhi ko Bharat ka rashtrapita mana jata hai. Unhone ahimsa aur satyagraha se desh ki azadi ki ladai ladhi.,0.67601078748703
sentence-transformers/LaBSE,english_gold,en,boiling_point_water_c__en,boiling_point_water_c,100 degrees Celsius,Water boils at 100 °C at sea level (standard atmospheric pressure of 1 atm).,0.4811156392097473
sentence-transformers/LaBSE,english_gold,hi,boiling_point_water_c__hi,boiling_point_water_c,100 degrees Celsius,समुद्र तल पर पानी 100 डिग्री सेल्सियस पर उबलता है। यह मान मानक वायुमंडलीय दबाव (1 atm) पर लागू होता है।,0.4915056824684143
sentence-transformers/LaBSE,english_gold,hinglish,boiling_point_water_c__hinglish,boiling_point_water_c,100 degrees Celsius,"Pani samudra tal par 100 °C par ubalta hai, kyunki yeh standard atmospheric pressure (1 atm) par hota hai.",0.5049690008163452
sentence-transformers/LaBSE,same_language_gold,en,capital_maharashtra__en,capital_maharashtra,Mumbai,"Mumbai is the capital of Maharashtra, the most populous state in India.",0.5212615728378296
sentence-transformers/LaBSE,same_language_gold,hi,capital_maharashtra__hi,capital_maharashtra,मुंबई,"महाराष्ट्र की राजधानी मुंबई है, जो भारत का एक प्रमुख आर्थिक केंद्र है।",0.4859637916088104
sentence-transformers/LaBSE,same_language_gold,hinglish,capital_maharashtra__hinglish,capital_maharashtra,Mumbai,Maharashtra ki rajdhani Mumbai hai. Ye India ka financial capital bhi hai.,0.43280506134033203
sentence-transformers/LaBSE,same_language_gold,en,planets_count__en,planets_count,Eight,"There are eight planets in our solar system—Mercury, Venus, Earth, Mars, Jupiter, Saturn, Uranus, and Neptune. Pluto was reclassified as a dwarf planet in 2006, so it is no longer counted among the main planets.",0.13798630237579346
sentence-transformers/LaBSE,same_language_gold,hi,planets_count__hi,planets_count,आठ,"हमारे सौर मंडल में 8 ग्रह हैं: बुध, शुक्र, पृथ्वी, मंगल, बृहस्पति, शनि, यूरेनस और नेपच्यून। 2006 में प्लूटो को बौना ग्रह घोषित कर दिया गया, इसलिए अब इसे मुख्य ग्रहों में नहीं गिना जाता।",0.2757350206375122
sentence-transformers/LaBSE,same_language_gold,hinglish,planets_count__hinglish,planets_count,Aath,Hamare Saur Mandal mein 8 grah hain. 2015 se Pluto ko dwarf planet gina jata hai.,0.13197875022888184
sentence-transformers/LaBSE,same_language_gold,en,freedom_year__en,freedom_year,1947,"India gained independence in 1947, ending nearly 200 years of British colonial rule.",0.48993220925331116
sentence-transformers/LaBSE,same_language_gold,hi,freedom_year__hi,freedom_year,१९४७,"भारत को 1947 में स्वतंत्रता मिली, 15 अगस्त को आज़ादी का दिन मनाया जाता है।",0.3633494973182678
sentence-transformers/LaBSE,same_language_gold,hinglish,freedom_year__hinglish,freedom_year,1947,"Bharat ko 1947 mein aazadi mili, 15 August ko. Yeh din aaj bhi Independence Day ke roop mein manaya jata hai.",0.4453572630882263
sentence-transformers/LaBSE,same_language_gold,en,water_formula__en,water_formula,H2O,"The chemical formula of water is **H₂O**, indicating that each molecule contains two hydrogen atoms bonded to one oxygen atom.",0.50087970495224
sentence-transformers/LaBSE,same_language_gold,hi,water_formula__hi,water_formula,H2O,"पानी का रासायनिक सूत्र **H₂O** है, अर्थात् दो हाइड्रोजन और एक ऑक्सीजन परमाणु से बना होता है.",0.4919799566268921
sentence-transformers/LaBSE,same_language_gold,hinglish,water_formula__hinglish,water_formula,H2O,Pani ka rasayanik sutra H₂O hai. Isme do hydrogen atoms aur ek oxygen atom hota hai.,0.4544466733932495
sentence-transformers/LaBSE,same_language_gold,en,national_animal_india__en,national_animal_india,Bengal tiger,"The national animal of India is the Bengal tiger, chosen for its strength, beauty, and cultural significance.",0.4564370810985565
sentence-transformers/LaBSE,same_language_gold,hi,national_animal_india__hi,national_animal_india,बंगाल टाइगर,"भारत का राष्ट्रीय पशु हाथी है, जिसे 1972 में राष्ट्रीय पशु घोषित किया गया था।",0.26017647981643677
sentence-transformers/LaBSE,same_language_gold,hinglish,national_animal_india__hinglish,national_animal_india,Bengal tiger,Bharat ka rashtriya pashu bhains (water buffalo) hai. Ye pashu desh ki arthavyavastha aur parampara mein bahut mahatvapurn hai.,0.11113200336694717
sentence-transformers/LaBSE,same_language_gold,en,largest_ocean__en,largest_ocean,Pacific Ocean,"The Pacific Ocean is the largest ocean on Earth, covering about 63 million square miles (163 million km²). It stretches from the Arctic in the north to the Antarctic in the south, larger than all the Earth's landmasses combined.",0.35892000794410706
sentence-transformers/LaBSE,same_language_gold,hi,largest_ocean__hi,largest_ocean,प्रशांत महासागर,"पैसिफिक महासागर पृथ्वी का सबसे बड़ा महासागर है, जो लगभग 46.6 मिलियन वर्ग मील क्षेत्रफल को कवर करता है।",0.53641676902771
sentence-transformers/LaBSE,same_language_gold,hinglish,largest_ocean__hinglish,largest_ocean,Prashant Mahasagar,Sabse bada mahasagar Pacific Ocean hai. Yeh dharti ke 46% surface area ko cover karta hai.,0.2981299161911011
sentence-transformers/LaBSE,same_language_gold,en,sun_rise_direction__en,sun_rise_direction,East,"The sun rises in the east, because Earth rotates from west to east, making the sun appear to move across the eastern horizon.",0.3180408775806427
sentence-transformers/LaBSE,same_language_gold,hi,sun_rise_direction__hi,sun_rise_direction,पूर्व,"सूर्य पूर्व दिशा में उगता है, क्योंकि पृथ्वी अपने अक्ष पर घूर्णन करती है।",0.38075435161590576
sentence-transformers/LaBSE,same_language_gold,hinglish,sun_rise_direction__hinglish,sun_rise_direction,Purab,"Suraj purvi disha mein ugta hai, kyunki dharti apni dhur par ghuma kar subah ki taraf hoti hai.",0.2898722290992737
sentence-transformers/LaBSE,same_language_gold,en,days_in_leap_year__en,days_in_leap_year,366,"A leap year has 366 days, because an extra day (February 29) is added to keep the calendar in sync with the Earth’s orbit.",0.3770731985569
sentence-transformers/LaBSE,same_language_gold,hi,days_in_leap_year__hi,days_in_leap_year,३६६,एक लीप वर्ष में 366 दिन होते हैं। यह इसलिए होता है क्योंकि फरवरी में 29 दिन होते हैं।,0.2409442961215973
sentence-transformers/LaBSE,same_language_gold,hinglish,days_in_leap_year__hinglish,days_in_leap_year,366,"Leap year mein 366 din hote hain, kyunki February mein 29 din hote hain.",0.4348873198032379
sentence-transformers/LaBSE,same_language_gold,en,father_of_nation_india__en,father_of_nation_india,Mahatma Gandhi,"Mahatma Gandhi is called the “Father of the Nation” in India, for leading the country’s non‑violent struggle for independence from British rule.",0.5125503540039062
sentence-transformers/LaBSE,same_language_gold,hinglish,father_of_nation_india__hinglish,father_of_nation_india,Mahatma Gandhi,Mahatma Gandhi ko Bharat ka rashtrapita mana jata hai. Unhone ahimsa aur satyagraha se desh ki azadi ki ladai ladhi.,0.67601078748703
sentence-transformers/LaBSE,same_language_gold,en,boiling_point_water_c__en,boiling_point_water_c,100 degrees Celsius,Water boils at 100 °C at sea level (standard atmospheric pressure of 1 atm).,0.4811156392097473
sentence-transformers/LaBSE,same_language_gold,hi,boiling_point_water_c__hi,boiling_point_water_c,१०० डिग्री सेल्सियस,समुद्र तल पर पानी 100 डिग्री सेल्सियस पर उबलता है। यह मान मानक वायुमंडलीय दबाव (1 atm) पर लागू होता है।,0.5311333537101746
sentence-transformers/LaBSE,same_language_gold,hinglish,boiling_point_water_c__hinglish,boiling_point_water_c,100 degree Celsius,"Pani samudra tal par 100 °C par ubalta hai, kyunki yeh standard atmospheric pressure (1 atm) par hota hai.",0.5037229061126709
intfloat/multilingual-e5-base,english_gold,en,capital_maharashtra__en,capital_maharashtra,Mumbai,"Mumbai is the capital of Maharashtra, the most populous state in India.",0.8087928295135498
intfloat/multilingual-e5-base,english_gold,hi,capital_maharashtra__hi,capital_maharashtra,Mumbai,"महाराष्ट्र की राजधानी मुंबई है, जो भारत का एक प्रमुख आर्थिक केंद्र है।",0.8064616918563843
intfloat/multilingual-e5-base,english_gold,hinglish,capital_maharashtra__hinglish,capital_maharashtra,Mumbai,Maharashtra ki rajdhani Mumbai hai. Ye India ka financial capital bhi hai.,0.8309024572372437
intfloat/multilingual-e5-base,english_gold,en,planets_count__en,planets_count,Eight,"There are eight planets in our solar system—Mercury, Venus, Earth, Mars, Jupiter, Saturn, Uranus, and Neptune. Pluto was reclassified as a dwarf planet in 2006, so it is no longer counted among the main planets.",0.8119062781333923
intfloat/multilingual-e5-base,english_gold,hi,planets_count__hi,planets_count,Eight,"हमारे सौर मंडल में 8 ग्रह हैं: बुध, शुक्र, पृथ्वी, मंगल, बृहस्पति, शनि, यूरेनस और नेपच्यून। 2006 में प्लूटो को बौना ग्रह घोषित कर दिया गया, इसलिए अब इसे मुख्य ग्रहों में नहीं गिना जाता।",0.8091270327568054
intfloat/multilingual-e5-base,english_gold,hinglish,planets_count__hinglish,planets_count,Eight,Hamare Saur Mandal mein 8 grah hain. 2015 se Pluto ko dwarf planet gina jata hai.,0.8101235032081604
intfloat/multilingual-e5-base,english_gold,en,freedom_year__en,freedom_year,1947,"India gained independence in 1947, ending nearly 200 years of British colonial rule.",0.7938442230224609
intfloat/multilingual-e5-base,english_gold,hi,freedom_year__hi,freedom_year,1947,"भारत को 1947 में स्वतंत्रता मिली, 15 अगस्त को आज़ादी का दिन मनाया जाता है।",0.7980175018310547
intfloat/multilingual-e5-base,english_gold,hinglish,freedom_year__hinglish,freedom_year,1947,"Bharat ko 1947 mein aazadi mili, 15 August ko. Yeh din aaj bhi Independence Day ke roop mein manaya jata hai.",0.8303025960922241
intfloat/multilingual-e5-base,english_gold,en,water_formula__en,water_formula,H2O,"The chemical formula of water is **H₂O**, indicating that each molecule contains two hydrogen atoms bonded to one oxygen atom.",0.8662716150283813
intfloat/multilingual-e5-base,english_gold,hi,water_formula__hi,water_formula,H2O,"पानी का रासायनिक सूत्र **H₂O** है, अर्थात् दो हाइड्रोजन और एक ऑक्सीजन परमाणु से बना होता है.",0.8595880270004272
intfloat/multilingual-e5-base,english_gold,hinglish,water_formula__hinglish,water_formula,H2O,Pani ka rasayanik sutra H₂O hai. Isme do hydrogen atoms aur ek oxygen atom hota hai.,0.8592370748519897
intfloat/multilingual-e5-base,english_gold,en,national_animal_india__en,national_animal_india,Bengal tiger,"The national animal of India is the Bengal tiger, chosen for its strength, beauty, and cultural significance.",0.8335899114608765
intfloat/multilingual-e5-base,english_gold,hi,national_animal_india__hi,national_animal_india,Bengal tiger,"भारत का राष्ट्रीय पशु हाथी है, जिसे 1972 में राष्ट्रीय पशु घोषित किया गया था।",0.7649530172348022
intfloat/multilingual-e5-base,english_gold,hinglish,national_animal_india__hinglish,national_animal_india,Bengal tiger,Bharat ka rashtriya pashu bhains (water buffalo) hai. Ye pashu desh ki arthavyavastha aur parampara mein bahut mahatvapurn hai.,0.7891929149627686
intfloat/multilingual-e5-base,english_gold,en,largest_ocean__en,largest_ocean,Pacific Ocean,"The Pacific Ocean is the largest ocean on Earth, covering about 63 million square miles (163 million km²). It stretches from the Arctic in the north to the Antarctic in the south, larger than all the Earth's landmasses combined.",0.8545311689376831
intfloat/multilingual-e5-base,english_gold,hi,largest_ocean__hi,largest_ocean,Pacific Ocean,"पैसिफिक महासागर पृथ्वी का सबसे बड़ा महासागर है, जो लगभग 46.6 मिलियन वर्ग मील क्षेत्रफल को कवर करता है।",0.8010571002960205
intfloat/multilingual-e5-base,english_gold,hinglish,largest_ocean__hinglish,largest_ocean,Pacific Ocean,Sabse bada mahasagar Pacific Ocean hai. Yeh dharti ke 46% surface area ko cover karta hai.,0.8410319089889526
intfloat/multilingual-e5-base,english_gold,en,sun_rise_direction__en,sun_rise_direction,East,"The sun rises in the east, because Earth rotates from west to east, making the sun appear to move across the eastern horizon.",0.8218215703964233
intfloat/multilingual-e5-base,english_gold,hi,sun_rise_direction__hi,sun_rise_direction,East,"सूर्य पूर्व दिशा में उगता है, क्योंकि पृथ्वी अपने अक्ष पर घूर्णन करती है।",0.7771191596984863
intfloat/multilingual-e5-base,english_gold,hinglish,sun_rise_direction__hinglish,sun_rise_direction,East,"Suraj purvi disha mein ugta hai, kyunki dharti apni dhur par ghuma kar subah ki taraf hoti hai.",0.7447848320007324
intfloat/multilingual-e5-base,english_gold,en,days_in_leap_year__en,days_in_leap_year,366,"A leap year has 366 days, because an extra day (February 29) is added to keep the calendar in sync with the Earth’s orbit.",0.8264257907867432
intfloat/multilingual-e5-base,english_gold,hi,days_in_leap_year__hi,days_in_leap_year,366,एक लीप वर्ष में 366 दिन होते हैं। यह इसलिए होता है क्योंकि फरवरी में 29 दिन होते हैं।,0.8305039405822754
intfloat/multilingual-e5-base,english_gold,hinglish,days_in_leap_year__hinglish,days_in_leap_year,366,"Leap year mein 366 din hote hain, kyunki February mein 29 din hote hain.",0.8401200175285339
intfloat/multilingual-e5-base,english_gold,en,father_of_nation_india__en,father_of_nation_india,Mahatma Gandhi,"Mahatma Gandhi is called the “Father of the Nation” in India, for leading the country’s non‑violent struggle for independence from British rule.",0.8211909532546997
intfloat/multilingual-e5-base,english_gold,hinglish,father_of_nation_india__hinglish,father_of_nation_india,Mahatma Gandhi,Mahatma Gandhi ko Bharat ka rashtrapita mana jata hai. Unhone ahimsa aur satyagraha se desh ki azadi ki ladai ladhi.,0.8420360088348389
intfloat/multilingual-e5-base,english_gold,en,boiling_point_water_c__en,boiling_point_water_c,100 degrees Celsius,Water boils at 100 °C at sea level (standard atmospheric pressure of 1 atm).,0.8378074169158936
intfloat/multilingual-e5-base,english_gold,hi,boiling_point_water_c__hi,boiling_point_water_c,100 degrees Celsius,समुद्र तल पर पानी 100 डिग्री सेल्सियस पर उबलता है। यह मान मानक वायुमंडलीय दबाव (1 atm) पर लागू होता है।,0.8643149137496948
intfloat/multilingual-e5-base,english_gold,hinglish,boiling_point_water_c__hinglish,boiling_point_water_c,100 degrees Celsius,"Pani samudra tal par 100 °C par ubalta hai, kyunki yeh standard atmospheric pressure (1 atm) par hota hai.",0.8571333885192871
intfloat/multilingual-e5-base,same_language_gold,en,capital_maharashtra__en,capital_maharashtra,Mumbai,"Mumbai is the capital of Maharashtra, the most populous state in India.",0.8087928295135498
intfloat/multilingual-e5-base,same_language_gold,hi,capital_maharashtra__hi,capital_maharashtra,मुंबई,"महाराष्ट्र की राजधानी मुंबई है, जो भारत का एक प्रमुख आर्थिक केंद्र है।",0.8258770704269409
intfloat/multilingual-e5-base,same_language_gold,hinglish,capital_maharashtra__hinglish,capital_maharashtra,Mumbai,Maharashtra ki rajdhani Mumbai hai. Ye India ka financial capital bhi hai.,0.8309024572372437
intfloat/multilingual-e5-base,same_language_gold,en,planets_count__en,planets_count,Eight,"There are eight planets in our solar system—Mercury, Venus, Earth, Mars, Jupiter, Saturn, Uranus, and Neptune. Pluto was reclassified as a dwarf planet in 2006, so it is no longer counted among the main planets.",0.8119062781333923
intfloat/multilingual-e5-base,same_language_gold,hi,planets_count__hi,planets_count,आठ,"हमारे सौर मंडल में 8 ग्रह हैं: बुध, शुक्र, पृथ्वी, मंगल, बृहस्पति, शनि, यूरेनस और नेपच्यून। 2006 में प्लूटो को बौना ग्रह घोषित कर दिया गया, इसलिए अब इसे मुख्य ग्रहों में नहीं गिना जाता।",0.807127833366394
intfloat/multilingual-e5-base,same_language_gold,hinglish,planets_count__hinglish,planets_count,Aath,Hamare Saur Mandal mein 8 grah hain. 2015 se Pluto ko dwarf planet gina jata hai.,0.7868636250495911
intfloat/multilingual-e5-base,same_language_gold,en,freedom_year__en,freedom_year,1947,"India gained independence in 1947, ending nearly 200 years of British colonial rule.",0.7938442230224609
intfloat/multilingual-e5-base,same_language_gold,hi,freedom_year__hi,freedom_year,१९४७,"भारत को 1947 में स्वतंत्रता मिली, 15 अगस्त को आज़ादी का दिन मनाया जाता है।",0.77223140001297
intfloat/multilingual-e5-base,same_language_gold,hinglish,freedom_year__hinglish,freedom_year,1947,"Bharat ko 1947 mein aazadi mili, 15 August ko. Yeh din aaj bhi Independence Day ke roop mein manaya jata hai.",0.8303025960922241
intfloat/multilingual-e5-base,same_language_gold,en,water_formula__en,water_formula,H2O,"The chemical formula of water is **H₂O**, indicating that each molecule contains two hydrogen atoms bonded to one oxygen atom.",0.8662716150283813
intfloat/multilingual-e5-base,same_language_gold,hi,water_formula__hi,water_formula,H2O,"पानी का रासायनिक सूत्र **H₂O** है, अर्थात् दो हाइड्रोजन और एक ऑक्सीजन परमाणु से बना होता है.",0.8595880270004272
intfloat/multilingual-e5-base,same_language_gold,hinglish,water_formula__hinglish,water_formula,H2O,Pani ka rasayanik sutra H₂O hai. Isme do hydrogen atoms aur ek oxygen atom hota hai.,0.8592370748519897
intfloat/multilingual-e5-base,same_language_gold,en,national_animal_india__en,national_animal_india,Bengal tiger,"The national animal of India is the Bengal tiger, chosen for its strength, beauty, and cultural significance.",0.8335899114608765
intfloat/multilingual-e5-base,same_language_gold,hi,national_animal_india__hi,national_animal_india,बंगाल टाइगर,"भारत का राष्ट्रीय पशु हाथी है, जिसे 1972 में राष्ट्रीय पशु घोषित किया गया था।",0.8004980683326721
intfloat/multilingual-e5-base,same_language_gold,hinglish,national_animal_india__hinglish,national_animal_india,Bengal tiger,Bharat ka rashtriya pashu bhains (water buffalo) hai. Ye pashu desh ki arthavyavastha aur parampara mein bahut mahatvapurn hai.,0.7891929149627686
intfloat/multilingual-e5-base,same_language_gold,en,largest_ocean__en,largest_ocean,Pacific Ocean,"The Pacific Ocean is the largest ocean on Earth, covering about 63 million square miles (163 million km²). It stretches from the Arctic in the north to the Antarctic in the south, larger than all the Earth's landmasses combined.",0.8545311689376831
intfloat/multilingual-e5-base,same_language_gold,hi,largest_ocean__hi,largest_ocean,प्रशांत महासागर,"पैसिफिक महासागर पृथ्वी का सबसे बड़ा महासागर है, जो लगभग 46.6 मिलियन वर्ग मील क्षेत्रफल को कवर करता है।",0.8388389348983765
intfloat/multilingual-e5-base,same_language_gold,hinglish,largest_ocean__hinglish,largest_ocean,Prashant Mahasagar,Sabse bada mahasagar Pacific Ocean hai. Yeh dharti ke 46% surface area ko cover karta hai.,0.8154691457748413
intfloat/multilingual-e5-base,same_language_gold,en,sun_rise_direction__en,sun_rise_direction,East,"The sun rises in the east, because Earth rotates from west to east, making the sun appear to move across the eastern horizon.",0.8218215703964233
intfloat/multilingual-e5-base,same_language_gold,hi,sun_rise_direction__hi,sun_rise_direction,पूर्व,"सूर्य पूर्व दिशा में उगता है, क्योंकि पृथ्वी अपने अक्ष पर घूर्णन करती है।",0.797362208366394
intfloat/multilingual-e5-base,same_language_gold,hinglish,sun_rise_direction__hinglish,sun_rise_direction,Purab,"Suraj purvi disha mein ugta hai, kyunki dharti apni dhur par ghuma kar subah ki taraf hoti hai.",0.7827091813087463
intfloat/multilingual-e5-base,same_language_gold,en,days_in_leap_year__en,days_in_leap_year,366,"A leap year has 366 days, because an extra day (February 29) is added to keep the calendar in sync with the Earth’s orbit.",0.8264257907867432
intfloat/multilingual-e5-base,same_language_gold,hi,days_in_leap_year__hi,days_in_leap_year,३६६,एक लीप वर्ष में 366 दिन होते हैं। यह इसलिए होता है क्योंकि फरवरी में 29 दिन होते हैं।,0.786506175994873
intfloat/multilingual-e5-base,same_language_gold,hinglish,days_in_leap_year__hinglish,days_in_leap_year,366,"Leap year mein 366 din hote hain, kyunki February mein 29 din hote hain.",0.8401200175285339
intfloat/multilingual-e5-base,same_language_gold,en,father_of_nation_india__en,father_of_nation_india,Mahatma Gandhi,"Mahatma Gandhi is called the “Father of the Nation” in India, for leading the country’s non‑violent struggle for independence from British rule.",0.8211909532546997
intfloat/multilingual-e5-base,same_language_gold,hinglish,father_of_nation_india__hinglish,father_of_nation_india,Mahatma Gandhi,Mahatma Gandhi ko Bharat ka rashtrapita mana jata hai. Unhone ahimsa aur satyagraha se desh ki azadi ki ladai ladhi.,0.8420360088348389
intfloat/multilingual-e5-base,same_language_gold,en,boiling_point_water_c__en,boiling_point_water_c,100 degrees Celsius,Water boils at 100 °C at sea level (standard atmospheric pressure of 1 atm).,0.8378074169158936
intfloat/multilingual-e5-base,same_language_gold,hi,boiling_point_water_c__hi,boiling_point_water_c,१०० डिग्री सेल्सियस,समुद्र तल पर पानी 100 डिग्री सेल्सियस पर उबलता है। यह मान मानक वायुमंडलीय दबाव (1 atm) पर लागू होता है।,0.8642096519470215
intfloat/multilingual-e5-base,same_language_gold,hinglish,boiling_point_water_c__hinglish,boiling_point_water_c,100 degree Celsius,"Pani samudra tal par 100 °C par ubalta hai, kyunki yeh standard atmospheric pressure (1 atm) par hota hai.",0.8547817468643188
google/muril-base-cased,english_gold,en,capital_maharashtra__en,capital_maharashtra,Mumbai,"Mumbai is the capital of Maharashtra, the most populous state in India.",0.9876987934112549
google/muril-base-cased,english_gold,hi,capital_maharashtra__hi,capital_maharashtra,Mumbai,"महाराष्ट्र की राजधानी मुंबई है, जो भारत का एक प्रमुख आर्थिक केंद्र है।",0.987159013748169
google/muril-base-cased,english_gold,hinglish,capital_maharashtra__hinglish,capital_maharashtra,Mumbai,Maharashtra ki rajdhani Mumbai hai. Ye India ka financial capital bhi hai.,0.9885785579681396
google/muril-base-cased,english_gold,en,planets_count__en,planets_count,Eight,"There are eight planets in our solar system—Mercury, Venus, Earth, Mars, Jupiter, Saturn, Uranus, and Neptune. Pluto was reclassified as a dwarf planet in 2006, so it is no longer counted among the main planets.",0.988929033279419
google/muril-base-cased,english_gold,hi,planets_count__hi,planets_count,Eight,"हमारे सौर मंडल में 8 ग्रह हैं: बुध, शुक्र, पृथ्वी, मंगल, बृहस्पति, शनि, यूरेनस और नेपच्यून। 2006 में प्लूटो को बौना ग्रह घोषित कर दिया गया, इसलिए अब इसे मुख्य ग्रहों में नहीं गिना जाता।",0.9875977635383606
google/muril-base-cased,english_gold,hinglish,planets_count__hinglish,planets_count,Eight,Hamare Saur Mandal mein 8 grah hain. 2015 se Pluto ko dwarf planet gina jata hai.,0.9886865615844727
google/muril-base-cased,english_gold,en,freedom_year__en,freedom_year,1947,"India gained independence in 1947, ending nearly 200 years of British colonial rule.",0.9888189435005188
google/muril-base-cased,english_gold,hi,freedom_year__hi,freedom_year,1947,"भारत को 1947 में स्वतंत्रता मिली, 15 अगस्त को आज़ादी का दिन मनाया जाता है।",0.9877592921257019
google/muril-base-cased,english_gold,hinglish,freedom_year__hinglish,freedom_year,1947,"Bharat ko 1947 mein aazadi mili, 15 August ko. Yeh din aaj bhi Independence Day ke roop mein manaya jata hai.",0.9858565330505371
google/muril-base-cased,english_gold,en,water_formula__en,water_formula,H2O,"The chemical formula of water is **H₂O**, indicating that each molecule contains two hydrogen atoms bonded to one oxygen atom.",0.989557147026062
google/muril-base-cased,english_gold,hi,water_formula__hi,water_formula,H2O,"पानी का रासायनिक सूत्र **H₂O** है, अर्थात् दो हाइड्रोजन और एक ऑक्सीजन परमाणु से बना होता है.",0.9898090362548828
google/muril-base-cased,english_gold,hinglish,water_formula__hinglish,water_formula,H2O,Pani ka rasayanik sutra H₂O hai. Isme do hydrogen atoms aur ek oxygen atom hota hai.,0.9887274503707886
google/muril-base-cased,english_gold,en,national_animal_india__en,national_animal_india,Bengal tiger,"The national animal of India is the Bengal tiger, chosen for its strength, beauty, and cultural significance.",0.9927990436553955
google/muril-base-cased,english_gold,hi,national_animal_india__hi,national_animal_india,Bengal tiger,"भारत का राष्ट्रीय पशु हाथी है, जिसे 1972 में राष्ट्रीय पशु घोषित किया गया था।",0.9889928698539734
google/muril-base-cased,english_gold,hinglish,national_animal_india__hinglish,national_animal_india,Bengal tiger,Bharat ka rashtriya pashu bhains (water buffalo) hai. Ye pashu desh ki arthavyavastha aur parampara mein bahut mahatvapurn hai.,0.9913734793663025
google/muril-base-cased,english_gold,en,largest_ocean__en,largest_ocean,Pacific Ocean,"The Pacific Ocean is the largest ocean on Earth, covering about 63 million square miles (163 million km²). It stretches from the Arctic in the north to the Antarctic in the south, larger than all the Earth's landmasses combined.",0.9885979294776917
google/muril-base-cased,english_gold,hi,largest_ocean__hi,largest_ocean,Pacific Ocean,"पैसिफिक महासागर पृथ्वी का सबसे बड़ा महासागर है, जो लगभग 46.6 मिलियन वर्ग मील क्षेत्रफल को कवर करता है।",0.9868317246437073
google/muril-base-cased,english_gold,hinglish,largest_ocean__hinglish,largest_ocean,Pacific Ocean,Sabse bada mahasagar Pacific Ocean hai. Yeh dharti ke 46% surface area ko cover karta hai.,0.9901597499847412
google/muril-base-cased,english_gold,en,sun_rise_direction__en,sun_rise_direction,East,"The sun rises in the east, because Earth rotates from west to east, making the sun appear to move across the eastern horizon.",0.9882495999336243
google/muril-base-cased,english_gold,hi,sun_rise_direction__hi,sun_rise_direction,East,"सूर्य पूर्व दिशा में उगता है, क्योंकि पृथ्वी अपने अक्ष पर घूर्णन करती है।",0.9875730872154236
google/muril-base-cased,english_gold,hinglish,sun_rise_direction__hinglish,sun_rise_direction,East,"Suraj purvi disha mein ugta hai, kyunki dharti apni dhur par ghuma kar subah ki taraf hoti hai.",0.9881958961486816
google/muril-base-cased,english_gold,en,days_in_leap_year__en,days_in_leap_year,366,"A leap year has 366 days, because an extra day (February 29) is added to keep the calendar in sync with the Earth’s orbit.",0.99037766456604
google/muril-base-cased,english_gold,hi,days_in_leap_year__hi,days_in_leap_year,366,एक लीप वर्ष में 366 दिन होते हैं। यह इसलिए होता है क्योंकि फरवरी में 29 दिन होते हैं।,0.9858013987541199
google/muril-base-cased,english_gold,hinglish,days_in_leap_year__hinglish,days_in_leap_year,366,"Leap year mein 366 din hote hain, kyunki February mein 29 din hote hain.",0.9889448881149292
google/muril-base-cased,english_gold,en,father_of_nation_india__en,father_of_nation_india,Mahatma Gandhi,"Mahatma Gandhi is called the “Father of the Nation” in India, for leading the country’s non‑violent struggle for independence from British rule.",0.9917132258415222
google/muril-base-cased,english_gold,hinglish,father_of_nation_india__hinglish,father_of_nation_india,Mahatma Gandhi,Mahatma Gandhi ko Bharat ka rashtrapita mana jata hai. Unhone ahimsa aur satyagraha se desh ki azadi ki ladai ladhi.,0.9906710386276245
google/muril-base-cased,english_gold,en,boiling_point_water_c__en,boiling_point_water_c,100 degrees Celsius,Water boils at 100 °C at sea level (standard atmospheric pressure of 1 atm).,0.9934504628181458
google/muril-base-cased,english_gold,hi,boiling_point_water_c__hi,boiling_point_water_c,100 degrees Celsius,समुद्र तल पर पानी 100 डिग्री सेल्सियस पर उबलता है। यह मान मानक वायुमंडलीय दबाव (1 atm) पर लागू होता है।,0.9901723265647888
google/muril-base-cased,english_gold,hinglish,boiling_point_water_c__hinglish,boiling_point_water_c,100 degrees Celsius,"Pani samudra tal par 100 °C par ubalta hai, kyunki yeh standard atmospheric pressure (1 atm) par hota hai.",0.9919310808181763
google/muril-base-cased,same_language_gold,en,capital_maharashtra__en,capital_maharashtra,Mumbai,"Mumbai is the capital of Maharashtra, the most populous state in India.",0.9876987934112549
google/muril-base-cased,same_language_gold,hi,capital_maharashtra__hi,capital_maharashtra,मुंबई,"महाराष्ट्र की राजधानी मुंबई है, जो भारत का एक प्रमुख आर्थिक केंद्र है।",0.989668607711792
google/muril-base-cased,same_language_gold,hinglish,capital_maharashtra__hinglish,capital_maharashtra,Mumbai,Maharashtra ki rajdhani Mumbai hai. Ye India ka financial capital bhi hai.,0.9885785579681396
google/muril-base-cased,same_language_gold,en,planets_count__en,planets_count,Eight,"There are eight planets in our solar system—Mercury, Venus, Earth, Mars, Jupiter, Saturn, Uranus, and Neptune. Pluto was reclassified as a dwarf planet in 2006, so it is no longer counted among the main planets.",0.988929033279419
google/muril-base-cased,same_language_gold,hi,planets_count__hi,planets_count,आठ,"हमारे सौर मंडल में 8 ग्रह हैं: बुध, शुक्र, पृथ्वी, मंगल, बृहस्पति, शनि, यूरेनस और नेपच्यून। 2006 में प्लूटो को बौना ग्रह घोषित कर दिया गया, इसलिए अब इसे मुख्य ग्रहों में नहीं गिना जाता।",0.9879092574119568
google/muril-base-cased,same_language_gold,hinglish,planets_count__hinglish,planets_count,Aath,Hamare Saur Mandal mein 8 grah hain. 2015 se Pluto ko dwarf planet gina jata hai.,0.987852931022644
google/muril-base-cased,same_language_gold,en,freedom_year__en,freedom_year,1947,"India gained independence in 1947, ending nearly 200 years of British colonial rule.",0.9888189435005188
google/muril-base-cased,same_language_gold,hi,freedom_year__hi,freedom_year,१९४७,"भारत को 1947 में स्वतंत्रता मिली, 15 अगस्त को आज़ादी का दिन मनाया जाता है।",0.9876818060874939
google/muril-base-cased,same_language_gold,hinglish,freedom_year__hinglish,freedom_year,1947,"Bharat ko 1947 mein aazadi mili, 15 August ko. Yeh din aaj bhi Independence Day ke roop mein manaya jata hai.",0.9858565330505371
google/muril-base-cased,same_language_gold,en,water_formula__en,water_formula,H2O,"The chemical formula of water is **H₂O**, indicating that each molecule contains two hydrogen atoms bonded to one oxygen atom.",0.989557147026062
google/muril-base-cased,same_language_gold,hi,water_formula__hi,water_formula,H2O,"पानी का रासायनिक सूत्र **H₂O** है, अर्थात् दो हाइड्रोजन और एक ऑक्सीजन परमाणु से बना होता है.",0.9898090362548828
google/muril-base-cased,same_language_gold,hinglish,water_formula__hinglish,water_formula,H2O,Pani ka rasayanik sutra H₂O hai. Isme do hydrogen atoms aur ek oxygen atom hota hai.,0.9887274503707886
google/muril-base-cased,same_language_gold,en,national_animal_india__en,national_animal_india,Bengal tiger,"The national animal of India is the Bengal tiger, chosen for its strength, beauty, and cultural significance.",0.9927990436553955
google/muril-base-cased,same_language_gold,hi,national_animal_india__hi,national_animal_india,बंगाल टाइगर,"भारत का राष्ट्रीय पशु हाथी है, जिसे 1972 में राष्ट्रीय पशु घोषित किया गया था।",0.9903855323791504
google/muril-base-cased,same_language_gold,hinglish,national_animal_india__hinglish,national_animal_india,Bengal tiger,Bharat ka rashtriya pashu bhains (water buffalo) hai. Ye pashu desh ki arthavyavastha aur parampara mein bahut mahatvapurn hai.,0.9913734793663025
google/muril-base-cased,same_language_gold,en,largest_ocean__en,largest_ocean,Pacific Ocean,"The Pacific Ocean is the largest ocean on Earth, covering about 63 million square miles (163 million km²). It stretches from the Arctic in the north to the Antarctic in the south, larger than all the Earth's landmasses combined.",0.9885979294776917
google/muril-base-cased,same_language_gold,hi,largest_ocean__hi,largest_ocean,प्रशांत महासागर,"पैसिफिक महासागर पृथ्वी का सबसे बड़ा महासागर है, जो लगभग 46.6 मिलियन वर्ग मील क्षेत्रफल को कवर करता है।",0.9894577860832214
google/muril-base-cased,same_language_gold,hinglish,largest_ocean__hinglish,largest_ocean,Prashant Mahasagar,Sabse bada mahasagar Pacific Ocean hai. Yeh dharti ke 46% surface area ko cover karta hai.,0.9904710054397583
google/muril-base-cased,same_language_gold,en,sun_rise_direction__en,sun_rise_direction,East,"The sun rises in the east, because Earth rotates from west to east, making the sun appear to move across the eastern horizon.",0.9882495999336243
google/muril-base-cased,same_language_gold,hi,sun_rise_direction__hi,sun_rise_direction,पूर्व,"सूर्य पूर्व दिशा में उगता है, क्योंकि पृथ्वी अपने अक्ष पर घूर्णन करती है।",0.987891435623169
google/muril-base-cased,same_language_gold,hinglish,sun_rise_direction__hinglish,sun_rise_direction,Purab,"Suraj purvi disha mein ugta hai, kyunki dharti apni dhur par ghuma kar subah ki taraf hoti hai.",0.9851213693618774
google/muril-base-cased,same_language_gold,en,days_in_leap_year__en,days_in_leap_year,366,"A leap year has 366 days, because an extra day (February 29) is added to keep the calendar in sync with the Earth’s orbit.",0.99037766456604
google/muril-base-cased,same_language_gold,hi,days_in_leap_year__hi,days_in_leap_year,३६६,एक लीप वर्ष में 366 दिन होते हैं। यह इसलिए होता है क्योंकि फरवरी में 29 दिन होते हैं।,0.9814891815185547
google/muril-base-cased,same_language_gold,hinglish,days_in_leap_year__hinglish,days_in_leap_year,366,"Leap year mein 366 din hote hain, kyunki February mein 29 din hote hain.",0.9889448881149292
google/muril-base-cased,same_language_gold,en,father_of_nation_india__en,father_of_nation_india,Mahatma Gandhi,"Mahatma Gandhi is called the “Father of the Nation” in India, for leading the country’s non‑violent struggle for independence from British rule.",0.9917132258415222
google/muril-base-cased,same_language_gold,hinglish,father_of_nation_india__hinglish,father_of_nation_india,Mahatma Gandhi,Mahatma Gandhi ko Bharat ka rashtrapita mana jata hai. Unhone ahimsa aur satyagraha se desh ki azadi ki ladai ladhi.,0.9906710386276245
google/muril-base-cased,same_language_gold,en,boiling_point_water_c__en,boiling_point_water_c,100 degrees Celsius,Water boils at 100 °C at sea level (standard atmospheric pressure of 1 atm).,0.9934504628181458
google/muril-base-cased,same_language_gold,hi,boiling_point_water_c__hi,boiling_point_water_c,१०० डिग्री सेल्सियस,समुद्र तल पर पानी 100 डिग्री सेल्सियस पर उबलता है। यह मान मानक वायुमंडलीय दबाव (1 atm) पर लागू होता है।,0.9910978078842163
google/muril-base-cased,same_language_gold,hinglish,boiling_point_water_c__hinglish,boiling_point_water_c,100 degree Celsius,"Pani samudra tal par 100 °C par ubalta hai, kyunki yeh standard atmospheric pressure (1 atm) par hota hai.",0.9922131299972534
sentence-transformers/paraphrase-multilingual-mpnet-base-v2,english_gold,en,capital_maharashtra__en,capital_maharashtra,Mumbai,"Mumbai is the capital of Maharashtra, the most populous state in India.",0.787660539150238
sentence-transformers/paraphrase-multilingual-mpnet-base-v2,english_gold,hi,capital_maharashtra__hi,capital_maharashtra,Mumbai,"महाराष्ट्र की राजधानी मुंबई है, जो भारत का एक प्रमुख आर्थिक केंद्र है।",0.7634779810905457
sentence-transformers/paraphrase-multilingual-mpnet-base-v2,english_gold,hinglish,capital_maharashtra__hinglish,capital_maharashtra,Mumbai,Maharashtra ki rajdhani Mumbai hai. Ye India ka financial capital bhi hai.,0.7509783506393433
sentence-transformers/paraphrase-multilingual-mpnet-base-v2,english_gold,en,planets_count__en,planets_count,Eight,"There are eight planets in our solar system—Mercury, Venus, Earth, Mars, Jupiter, Saturn, Uranus, and Neptune. Pluto was reclassified as a dwarf planet in 2006, so it is no longer counted among the main planets.",0.4929555058479309
sentence-transformers/paraphrase-multilingual-mpnet-base-v2,english_gold,hi,planets_count__hi,planets_count,Eight,"हमारे सौर मंडल में 8 ग्रह हैं: बुध, शुक्र, पृथ्वी, मंगल, बृहस्पति, शनि, यूरेनस और नेपच्यून। 2006 में प्लूटो को बौना ग्रह घोषित कर दिया गया, इसलिए अब इसे मुख्य ग्रहों में नहीं गिना जाता।",0.4616428017616272
sentence-transformers/paraphrase-multilingual-mpnet-base-v2,english_gold,hinglish,planets_count__hinglish,planets_count,Eight,Hamare Saur Mandal mein 8 grah hain. 2015 se Pluto ko dwarf planet gina jata hai.,0.29901790618896484
sentence-transformers/paraphrase-multilingual-mpnet-base-v2,english_gold,en,freedom_year__en,freedom_year,1947,"India gained independence in 1947, ending nearly 200 years of British colonial rule.",0.44390803575515747
sentence-transformers/paraphrase-multilingual-mpnet-base-v2,english_gold,hi,freedom_year__hi,freedom_year,1947,"भारत को 1947 में स्वतंत्रता मिली, 15 अगस्त को आज़ादी का दिन मनाया जाता है।",0.43776050209999084
sentence-transformers/paraphrase-multilingual-mpnet-base-v2,english_gold,hinglish,freedom_year__hinglish,freedom_year,1947,"Bharat ko 1947 mein aazadi mili, 15 August ko. Yeh din aaj bhi Independence Day ke roop mein manaya jata hai.",0.5132616758346558
sentence-transformers/paraphrase-multilingual-mpnet-base-v2,english_gold,en,water_formula__en,water_formula,H2O,"The chemical formula of water is **H₂O**, indicating that each molecule contains two hydrogen atoms bonded to one oxygen atom.",0.7092037200927734
sentence-transformers/paraphrase-multilingual-mpnet-base-v2,english_gold,hi,water_formula__hi,water_formula,H2O,"पानी का रासायनिक सूत्र **H₂O** है, अर्थात् दो हाइड्रोजन और एक ऑक्सीजन परमाणु से बना होता है.",0.7340093851089478
sentence-transformers/paraphrase-multilingual-mpnet-base-v2,english_gold,hinglish,water_formula__hinglish,water_formula,H2O,Pani ka rasayanik sutra H₂O hai. Isme do hydrogen atoms aur ek oxygen atom hota hai.,0.7721322774887085
sentence-transformers/paraphrase-multilingual-mpnet-base-v2,english_gold,en,national_animal_india__en,national_animal_india,Bengal tiger,"The national animal of India is the Bengal tiger, chosen for its strength, beauty, and cultural significance.",0.7463358640670776
sentence-transformers/paraphrase-multilingual-mpnet-base-v2,english_gold,hi,national_animal_india__hi,national_animal_india,Bengal tiger,"भारत का राष्ट्रीय पशु हाथी है, जिसे 1972 में राष्ट्रीय पशु घोषित किया गया था।",0.3380649983882904
sentence-transformers/paraphrase-multilingual-mpnet-base-v2,english_gold,hinglish,national_animal_india__hinglish,national_animal_india,Bengal tiger,Bharat ka rashtriya pashu bhains (water buffalo) hai. Ye pashu desh ki arthavyavastha aur parampara mein bahut mahatvapurn hai.,0.47250133752822876
sentence-transformers/paraphrase-multilingual-mpnet-base-v2,english_gold,en,largest_ocean__en,largest_ocean,Pacific Ocean,"The Pacific Ocean is the largest ocean on Earth, covering about 63 million square miles (163 million km²). It stretches from the Arctic in the north to the Antarctic in the south, larger than all the Earth's landmasses combined.",0.6500738859176636
sentence-transformers/paraphrase-multilingual-mpnet-base-v2,english_gold,hi,largest_ocean__hi,largest_ocean,Pacific Ocean,"पैसिफिक महासागर पृथ्वी का सबसे बड़ा महासागर है, जो लगभग 46.6 मिलियन वर्ग मील क्षेत्रफल को कवर करता है।",0.5389561653137207
sentence-transformers/paraphrase-multilingual-mpnet-base-v2,english_gold,hinglish,largest_ocean__hinglish,largest_ocean,Pacific Ocean,Sabse bada mahasagar Pacific Ocean hai. Yeh dharti ke 46% surface area ko cover karta hai.,0.7102132439613342
sentence-transformers/paraphrase-multilingual-mpnet-base-v2,english_gold,en,sun_rise_direction__en,sun_rise_direction,East,"The sun rises in the east, because Earth rotates from west to east, making the sun appear to move across the eastern horizon.",0.6659791469573975
sentence-transformers/paraphrase-multilingual-mpnet-base-v2,english_gold,hi,sun_rise_direction__hi,sun_rise_direction,East,"सूर्य पूर्व दिशा में उगता है, क्योंकि पृथ्वी अपने अक्ष पर घूर्णन करती है।",0.48388758301734924
sentence-transformers/paraphrase-multilingual-mpnet-base-v2,english_gold,hinglish,sun_rise_direction__hinglish,sun_rise_direction,East,"Suraj purvi disha mein ugta hai, kyunki dharti apni dhur par ghuma kar subah ki taraf hoti hai.",0.1706370711326599
sentence-transformers/paraphrase-multilingual-mpnet-base-v2,english_gold,en,days_in_leap_year__en,days_in_leap_year,366,"A leap year has 366 days, because an extra day (February 29) is added to keep the calendar in sync with the Earth’s orbit.",0.4242557883262634
sentence-transformers/paraphrase-multilingual-mpnet-base-v2,english_gold,hi,days_in_leap_year__hi,days_in_leap_year,366,एक लीप वर्ष में 366 दिन होते हैं। यह इसलिए होता है क्योंकि फरवरी में 29 दिन होते हैं।,0.4974667429924011
sentence-transformers/paraphrase-multilingual-mpnet-base-v2,english_gold,hinglish,days_in_leap_year__hinglish,days_in_leap_year,366,"Leap year mein 366 din hote hain, kyunki February mein 29 din hote hain.",0.38158750534057617
sentence-transformers/paraphrase-multilingual-mpnet-base-v2,english_gold,en,father_of_nation_india__en,father_of_nation_india,Mahatma Gandhi,"Mahatma Gandhi is called the “Father of the Nation” in India, for leading the country’s non‑violent struggle for independence from British rule.",0.8119685649871826
sentence-transformers/paraphrase-multilingual-mpnet-base-v2,english_gold,hinglish,father_of_nation_india__hinglish,father_of_nation_india,Mahatma Gandhi,Mahatma Gandhi ko Bharat ka rashtrapita mana jata hai. Unhone ahimsa aur satyagraha se desh ki azadi ki ladai ladhi.,0.7268165946006775
sentence-transformers/paraphrase-multilingual-mpnet-base-v2,english_gold,en,boiling_point_water_c__en,boiling_point_water_c,100 degrees Celsius,Water boils at 100 °C at sea level (standard atmospheric pressure of 1 atm).,0.724529504776001
sentence-transformers/paraphrase-multilingual-mpnet-base-v2,english_gold,hi,boiling_point_water_c__hi,boiling_point_water_c,100 degrees Celsius,समुद्र तल पर पानी 100 डिग्री सेल्सियस पर उबलता है। यह मान मानक वायुमंडलीय दबाव (1 atm) पर लागू होता है।,0.7735410332679749
sentence-transformers/paraphrase-multilingual-mpnet-base-v2,english_gold,hinglish,boiling_point_water_c__hinglish,boiling_point_water_c,100 degrees Celsius,"Pani samudra tal par 100 °C par ubalta hai, kyunki yeh standard atmospheric pressure (1 atm) par hota hai.",0.623164176940918
sentence-transformers/paraphrase-multilingual-mpnet-base-v2,same_language_gold,en,capital_maharashtra__en,capital_maharashtra,Mumbai,"Mumbai is the capital of Maharashtra, the most populous state in India.",0.787660539150238
sentence-transformers/paraphrase-multilingual-mpnet-base-v2,same_language_gold,hi,capital_maharashtra__hi,capital_maharashtra,मुंबई,"महाराष्ट्र की राजधानी मुंबई है, जो भारत का एक प्रमुख आर्थिक केंद्र है।",0.78419429063797
sentence-transformers/paraphrase-multilingual-mpnet-base-v2,same_language_gold,hinglish,capital_maharashtra__hinglish,capital_maharashtra,Mumbai,Maharashtra ki rajdhani Mumbai hai. Ye India ka financial capital bhi hai.,0.7509783506393433
sentence-transformers/paraphrase-multilingual-mpnet-base-v2,same_language_gold,en,planets_count__en,planets_count,Eight,"There are eight planets in our solar system—Mercury, Venus, Earth, Mars, Jupiter, Saturn, Uranus, and Neptune. Pluto was reclassified as a dwarf planet in 2006, so it is no longer counted among the main planets.",0.4929555058479309
sentence-transformers/paraphrase-multilingual-mpnet-base-v2,same_language_gold,hi,planets_count__hi,planets_count,आठ,"हमारे सौर मंडल में 8 ग्रह हैं: बुध, शुक्र, पृथ्वी, मंगल, बृहस्पति, शनि, यूरेनस और नेपच्यून। 2006 में प्लूटो को बौना ग्रह घोषित कर दिया गया, इसलिए अब इसे मुख्य ग्रहों में नहीं गिना जाता।",0.4451725482940674
sentence-transformers/paraphrase-multilingual-mpnet-base-v2,same_language_gold,hinglish,planets_count__hinglish,planets_count,Aath,Hamare Saur Mandal mein 8 grah hain. 2015 se Pluto ko dwarf planet gina jata hai.,0.38424935936927795
sentence-transformers/paraphrase-multilingual-mpnet-base-v2,same_language_gold,en,freedom_year__en,freedom_year,1947,"India gained independence in 1947, ending nearly 200 years of British colonial rule.",0.44390803575515747
sentence-transformers/paraphrase-multilingual-mpnet-base-v2,same_language_gold,hi,freedom_year__hi,freedom_year,१९४७,"भारत को 1947 में स्वतंत्रता मिली, 15 अगस्त को आज़ादी का दिन मनाया जाता है।",0.36127620935440063
sentence-transformers/paraphrase-multilingual-mpnet-base-v2,same_language_gold,hinglish,freedom_year__hinglish,freedom_year,1947,"Bharat ko 1947 mein aazadi mili, 15 August ko. Yeh din aaj bhi Independence Day ke roop mein manaya jata hai.",0.5132616758346558
sentence-transformers/paraphrase-multilingual-mpnet-base-v2,same_language_gold,en,water_formula__en,water_formula,H2O,"The chemical formula of water is **H₂O**, indicating that each molecule contains two hydrogen atoms bonded to one oxygen atom.",0.7092037200927734
sentence-transformers/paraphrase-multilingual-mpnet-base-v2,same_language_gold,hi,water_formula__hi,water_formula,H2O,"पानी का रासायनिक सूत्र **H₂O** है, अर्थात् दो हाइड्रोजन और एक ऑक्सीजन परमाणु से बना होता है.",0.7340093851089478
sentence-transformers/paraphrase-multilingual-mpnet-base-v2,same_language_gold,hinglish,water_formula__hinglish,water_formula,H2O,Pani ka rasayanik sutra H₂O hai. Isme do hydrogen atoms aur ek oxygen atom hota hai.,0.7721322774887085
sentence-transformers/paraphrase-multilingual-mpnet-base-v2,same_language_gold,en,national_animal_india__en,national_animal_india,Bengal tiger,"The national animal of India is the Bengal tiger, chosen for its strength, beauty, and cultural significance.",0.7463358640670776
sentence-transformers/paraphrase-multilingual-mpnet-base-v2,same_language_gold,hi,national_animal_india__hi,national_animal_india,बंगाल टाइगर,"भारत का राष्ट्रीय पशु हाथी है, जिसे 1972 में राष्ट्रीय पशु घोषित किया गया था।",0.37075433135032654
sentence-transformers/paraphrase-multilingual-mpnet-base-v2,same_language_gold,hinglish,national_animal_india__hinglish,national_animal_india,Bengal tiger,Bharat ka rashtriya pashu bhains (water buffalo) hai. Ye pashu desh ki arthavyavastha aur parampara mein bahut mahatvapurn hai.,0.47250133752822876
sentence-transformers/paraphrase-multilingual-mpnet-base-v2,same_language_gold,en,largest_ocean__en,largest_ocean,Pacific Ocean,"The Pacific Ocean is the largest ocean on Earth, covering about 63 million square miles (163 million km²). It stretches from the Arctic in the north to the Antarctic in the south, larger than all the Earth's landmasses combined.",0.6500738859176636
sentence-transformers/paraphrase-multilingual-mpnet-base-v2,same_language_gold,hi,largest_ocean__hi,largest_ocean,प्रशांत महासागर,"पैसिफिक महासागर पृथ्वी का सबसे बड़ा महासागर है, जो लगभग 46.6 मिलियन वर्ग मील क्षेत्रफल को कवर करता है।",0.40480414032936096
sentence-transformers/paraphrase-multilingual-mpnet-base-v2,same_language_gold,hinglish,largest_ocean__hinglish,largest_ocean,Prashant Mahasagar,Sabse bada mahasagar Pacific Ocean hai. Yeh dharti ke 46% surface area ko cover karta hai.,0.2221255600452423
sentence-transformers/paraphrase-multilingual-mpnet-base-v2,same_language_gold,en,sun_rise_direction__en,sun_rise_direction,East,"The sun rises in the east, because Earth rotates from west to east, making the sun appear to move across the eastern horizon.",0.6659791469573975
sentence-transformers/paraphrase-multilingual-mpnet-base-v2,same_language_gold,hi,sun_rise_direction__hi,sun_rise_direction,पूर्व,"सूर्य पूर्व दिशा में उगता है, क्योंकि पृथ्वी अपने अक्ष पर घूर्णन करती है।",0.4743233025074005
sentence-transformers/paraphrase-multilingual-mpnet-base-v2,same_language_gold,hinglish,sun_rise_direction__hinglish,sun_rise_direction,Purab,"Suraj purvi disha mein ugta hai, kyunki dharti apni dhur par ghuma kar subah ki taraf hoti hai.",0.42757174372673035
sentence-transformers/paraphrase-multilingual-mpnet-base-v2,same_language_gold,en,days_in_leap_year__en,days_in_leap_year,366,"A leap year has 366 days, because an extra day (February 29) is added to keep the calendar in sync with the Earth’s orbit.",0.4242557883262634
sentence-transformers/paraphrase-multilingual-mpnet-base-v2,same_language_gold,hi,days_in_leap_year__hi,days_in_leap_year,३६६,एक लीप वर्ष में 366 दिन होते हैं। यह इसलिए होता है क्योंकि फरवरी में 29 दिन होते हैं।,0.4805656969547272
sentence-transformers/paraphrase-multilingual-mpnet-base-v2,same_language_gold,hinglish,days_in_leap_year__hinglish,days_in_leap_year,366,"Leap year mein 366 din hote hain, kyunki February mein 29 din hote hain.",0.38158750534057617
sentence-transformers/paraphrase-multilingual-mpnet-base-v2,same_language_gold,en,father_of_nation_india__en,father_of_nation_india,Mahatma Gandhi,"Mahatma Gandhi is called the “Father of the Nation” in India, for leading the country’s non‑violent struggle for independence from British rule.",0.8119685649871826
sentence-transformers/paraphrase-multilingual-mpnet-base-v2,same_language_gold,hinglish,father_of_nation_india__hinglish,father_of_nation_india,Mahatma Gandhi,Mahatma Gandhi ko Bharat ka rashtrapita mana jata hai. Unhone ahimsa aur satyagraha se desh ki azadi ki ladai ladhi.,0.7268165946006775
sentence-transformers/paraphrase-multilingual-mpnet-base-v2,same_language_gold,en,boiling_point_water_c__en,boiling_point_water_c,100 degrees Celsius,Water boils at 100 °C at sea level (standard atmospheric pressure of 1 atm).,0.724529504776001
sentence-transformers/paraphrase-multilingual-mpnet-base-v2,same_language_gold,hi,boiling_point_water_c__hi,boiling_point_water_c,१०० डिग्री सेल्सियस,समुद्र तल पर पानी 100 डिग्री सेल्सियस पर उबलता है। यह मान मानक वायुमंडलीय दबाव (1 atm) पर लागू होता है।,0.7659718990325928
sentence-transformers/paraphrase-multilingual-mpnet-base-v2,same_language_gold,hinglish,boiling_point_water_c__hinglish,boiling_point_water_c,100 degree Celsius,"Pani samudra tal par 100 °C par ubalta hai, kyunki yeh standard atmospheric pressure (1 atm) par hota hai.",0.6269859075546265
