encoder,gold_mode,gold_length,variant,n_correct,mean_correct,std_correct,n_wrong_hard,mean_wrong_hard,std_wrong_hard,n_wrong_subtle,mean_wrong_subtle,std_wrong_subtle,n_minimal_hard,mean_minimal_hard,std_minimal_hard,n_minimal_subtle,mean_minimal_subtle,std_minimal_subtle,separation_wrong_hard,roc_auc_wrong_hard,best_threshold_wrong_hard,best_accuracy_wrong_hard,accuracy_at_0.5_wrong_hard,separation_wrong_subtle,roc_auc_wrong_subtle,best_threshold_wrong_subtle,best_accuracy_wrong_subtle,accuracy_at_0.5_wrong_subtle,separation_minimal_hard,roc_auc_minimal_hard,best_threshold_minimal_hard,best_accuracy_minimal_hard,accuracy_at_0.5_minimal_hard,separation_minimal_subtle,roc_auc_minimal_subtle,best_threshold_minimal_subtle,best_accuracy_minimal_subtle,accuracy_at_0.5_minimal_subtle
sentence-transformers/all-MiniLM-L6-v2,english_gold,short,en,10,0.496531555056572,0.18256617981588213,10,0.4312238201498985,0.14301625794761397,10,0.5365340486168861,0.17648252135564785,9,0.3734220431910621,0.14410285758491154,10,0.46343979239463806,0.18376528746512139,0.06530773490667346,0.59,0.5994313061237335,0.7,0.55,-0.040002493560314156,0.43000000000000005,0.3901680260896683,0.55,0.45,0.12310951186550989,0.7,0.20977191627025604,0.6842105263157895,0.6842105263157895,0.03309176266193392,0.5599999999999999,0.40239807963371277,0.6,0.55
sentence-transformers/all-MiniLM-L6-v2,english_gold,short,hi,9,0.20943278653754127,0.09026152062189731,9,0.1572545650932524,0.08712386692977885,9,0.20418713655736712,0.14534444207670927,9,0.16312895715236664,0.08964074952474811,8,0.19212073553353548,0.10794143945023624,0.05217822144428888,0.6790123456790125,0.14981407672166824,0.7222222222222222,0.5,0.005245649980174155,0.5432098765432098,0.09137739986181259,0.6666666666666666,0.5,0.04630382938517463,0.6358024691358024,0.1410655900835991,0.6666666666666666,0.5,0.01731205100400579,0.5555555555555556,0.08425050973892212,0.6470588235294118,0.47058823529411764
sentence-transformers/all-MiniLM-L6-v2,english_gold,short,hinglish,10,0.3847358234226704,0.14856344288556123,10,0.31376411616802213,0.16766238888467058,10,0.39679125547409055,0.2315696472765969,8,0.3422413468360901,0.13958427194580675,7,0.42545883996146067,0.16155943554153612,0.07097170725464824,0.64,0.29337459802627563,0.7,0.55,-0.012055432051420178,0.4600000000000001,0.24528751522302628,0.65,0.45,0.04249447658658029,0.6000000000000001,0.08475681766867638,0.6111111111111112,0.4444444444444444,-0.04072301653879029,0.4,0.08948906348848343,0.5882352941176471,0.4117647058823529
sentence-transformers/all-MiniLM-L6-v2,english_gold,full_sentence,en,10,0.8664780616760254,0.044804586858617386,10,0.8542575836181641,0.04982358466115386,10,0.8686452209949493,0.08576991670752646,9,0.7755135032865736,0.051727448518588744,10,0.8167860388755799,0.0541341516165609,0.012220478057861306,0.6,0.8627006411552429,0.65,0.5,-0.0021671593189239724,0.42,0.7557653188705444,0.6,0.5,0.09096455838945172,0.9,0.858626127243042,0.8421052631578947,0.5263157894736842,0.04969202280044549,0.77,0.8604564666748047,0.75,0.5
sentence-transformers/all-MiniLM-L6-v2,english_gold,full_sentence,hi,9,0.1865396946668625,0.11274331970574149,9,0.14155204583787256,0.11722515385049324,9,0.20528243595941198,0.1569557390870248,9,0.1564813049303161,0.10600767979672034,8,0.1631211331114173,0.12369978897240147,0.04498764882898992,0.617283950617284,0.07167930901050568,0.6666666666666666,0.5,-0.018742741292549492,0.4567901234567901,0.09789201617240906,0.6666666666666666,0.5,0.030058389736546398,0.5864197530864197,0.08608445152640343,0.6111111111111112,0.5,0.023418561555445194,0.5555555555555556,0.06988607905805111,0.5882352941176471,0.47058823529411764
sentence-transformers/all-MiniLM-L6-v2,english_gold,full_sentence,hinglish,10,0.44017941057682036,0.13952427329405384,10,0.2829659912735224,0.16968770284331944,10,0.3684958804398775,0.22301596017253617,8,0.4002490136772394,0.12917294615103367,7,0.4571941388504846,0.15786829402324062,0.15721341930329796,0.75,0.35093092918395996,0.75,0.6,0.07168353013694284,0.5900000000000001,0.3107450306415558,0.7,0.5,0.039930396899580944,0.6000000000000001,0.18044600635766983,0.6111111111111112,0.5,-0.017014728273664237,0.4857142857142857,0.3142404705286026,0.6470588235294118,0.4117647058823529
sentence-transformers/all-MiniLM-L6-v2,same_language_gold,short,en,10,0.496531555056572,0.18256617981588213,10,0.4312238201498985,0.14301625794761397,10,0.5365340486168861,0.17648252135564785,9,0.3734220431910621,0.14410285758491154,10,0.46343979239463806,0.18376528746512139,0.06530773490667346,0.59,0.5994313061237335,0.7,0.55,-0.040002493560314156,0.43000000000000005,0.3901680260896683,0.55,0.45,0.12310951186550989,0.7,0.20977191627025604,0.6842105263157895,0.6842105263157895,0.03309176266193392,0.5599999999999999,0.40239807963371277,0.6,0.55
sentence-transformers/all-MiniLM-L6-v2,same_language_gold,short,hi,9,0.39282044768333435,0.23411311091310988,9,0.42242491576406693,0.233239684600586,9,0.4910527765750885,0.2576298153465101,9,0.3846205721298854,0.21896191737848997,8,0.4093675725162029,0.24541250538378112,-0.029604468080732582,0.3703703703703704,0.4582187682390213,0.5555555555555556,0.5,-0.09823232889175415,0.345679012345679,0.16346624331378937,0.5,0.4444444444444444,0.008199875553448976,0.5,0.15998709946870804,0.5555555555555556,0.5555555555555556,-0.016547124832868576,0.5277777777777778,0.2087056264281273,0.6470588235294118,0.4117647058823529
sentence-transformers/all-MiniLM-L6-v2,same_language_gold,short,hinglish,10,0.376216721534729,0.1410905965559011,10,0.3546656295657158,0.18290251505147778,10,0.4942477598786354,0.21537119527889104,8,0.3352187592536211,0.13294711341171606,7,0.4364722669124603,0.13316865175815987,0.021551091969013225,0.5700000000000001,0.24202074110507965,0.65,0.5,-0.11803103834390638,0.31000000000000005,0.23246226459741592,0.55,0.4,0.040997962281107914,0.6,0.3503498435020447,0.6666666666666666,0.4444444444444444,-0.06025554537773131,0.4,0.12812258140945434,0.5882352941176471,0.4117647058823529
sentence-transformers/all-MiniLM-L6-v2,same_language_gold,full_sentence,en,10,0.8664780616760254,0.044804586858617386,10,0.8542575836181641,0.04982358466115386,10,0.8686452209949493,0.08576991670752646,9,0.7755135032865736,0.051727448518588744,10,0.8167860388755799,0.0541341516165609,0.012220478057861306,0.6,0.8627006411552429,0.65,0.5,-0.0021671593189239724,0.42,0.7557653188705444,0.6,0.5,0.09096455838945172,0.9,0.858626127243042,0.8421052631578947,0.5263157894736842,0.04969202280044549,0.77,0.8604564666748047,0.75,0.5
sentence-transformers/all-MiniLM-L6-v2,same_language_gold,full_sentence,hi,9,0.8640282352765402,0.06193950260353644,9,0.9200553430451287,0.06309257619844687,9,0.9292825526661344,0.045167730783737856,9,0.819216357337104,0.08270802881773548,8,0.8557337298989296,0.049391088190959546,-0.05602710776858855,0.2716049382716049,0.761012388633728,0.5,0.5,-0.0652543173895942,0.14814814814814814,0.761012388633728,0.5,0.5,0.044811877939436195,0.6975308641975309,0.891514778137207,0.7222222222222222,0.5,0.008294505377610562,0.5694444444444444,0.9054578244686127,0.7058823529411765,0.5294117647058824
sentence-transformers/all-MiniLM-L6-v2,same_language_gold,full_sentence,hinglish,10,0.7286328673362732,0.09689950069069898,10,0.9063866436481476,0.0387825807660771,10,0.9199089288711548,0.05202850456588834,8,0.6662005856633186,0.09227546559343494,7,0.7061891385487148,0.08507069463039077,-0.1777537763118744,0.06,0.5519007577171325,0.5,0.5,-0.19127606153488164,0.019999999999999997,0.5519007577171325,0.5,0.5,0.06243228167295456,0.7124999999999999,0.7256549000740051,0.7222222222222222,0.5555555555555556,0.022443728787558404,0.6,0.5478652715682983,0.6470588235294118,0.5882352941176471
sentence-transformers/LaBSE,english_gold,short,en,10,0.4154196947813034,0.11428270604250255,10,0.3486855313181877,0.11112916999641645,10,0.4943295791745186,0.13560255605949442,9,0.2682179874844021,0.08781420365557562,10,0.3749058797955513,0.10927071444301287,0.06673416346311573,0.7200000000000001,0.47749389708042145,0.75,0.65,-0.07890988439321517,0.31999999999999995,0.13798530237579346,0.5,0.4,0.1472017072969013,0.8444444444444446,0.30548152327537537,0.7894736842105263,0.631578947368421,0.04051381498575213,0.63,0.35244177281856537,0.7,0.6
sentence-transformers/LaBSE,english_gold,short,hi,9,0.4004604501856698,0.11454994294088185,9,0.38214946786562604,0.09206969116000485,9,0.45872651040554047,0.10826464930150322,9,0.3174164940913518,0.09864493064554664,8,0.37783045694231987,0.10253826759055344,0.018310982320043745,0.6172839506172839,0.4336318373680115,0.6666666666666666,0.4444444444444444,-0.058266060219870686,0.34567901234567905,0.16987661855125427,0.5,0.2777777777777778,0.08304395609431797,0.7530864197530864,0.4293363392353058,0.8333333333333334,0.5,0.02262999324334991,0.6111111111111112,0.4406907558441162,0.7058823529411765,0.4117647058823529
sentence-transformers/LaBSE,english_gold,short,hinglish,10,0.37470951229333876,0.1895770257908464,10,0.2389445997774601,0.15270892441496525,10,0.3946009885519743,0.22283273488004224,8,0.20560812298208475,0.1319081218074577,7,0.388981289097241,0.20497037283875977,0.13576491251587866,0.71,0.4125325083732605,0.75,0.6,-0.01989147625863552,0.42,0.031751083210110664,0.55,0.4,0.169101389311254,0.7875,0.4323606491088867,0.8333333333333334,0.5555555555555556,-0.014271776803902236,0.4714285714285715,0.037629267441272735,0.5882352941176471,0.47058823529411764
sentence-transformers/LaBSE,english_gold,full_sentence,en,10,0.68848215341568,0.08741411425624353,10,0.8414380848407745,0.06069468626280478,10,0.8831182658672333,0.05064719291066467,9,0.5912286043167114,0.07472668769013753,10,0.6473606169223786,0.06757732566199283,-0.15295593142509456,0.06999999999999998,0.5532784594764709,0.5,0.5,-0.19463611245155332,0.019999999999999997,0.5532784594764709,0.5,0.5,0.09725354909896855,0.8111111111111111,0.550523191690445,0.7894736842105263,0.5263157894736842,0.041121536493301414,0.62,0.7176274359226227,0.65,0.5
sentence-transformers/LaBSE,english_gold,full_sentence,hi,9,0.7069348825348748,0.09058724762143888,9,0.8073395689328512,0.05214316495607226,9,0.8181133204036288,0.062325858959273596,9,0.6385148399406009,0.08332217715803808,8,0.6821673288941383,0.0787183748490462,-0.1004046863979764,0.12345679012345681,0.5384644402732849,0.5,0.5,-0.11117843786875403,0.14814814814814814,0.5384644402732849,0.5,0.5,0.06842004259427392,0.7530864197530864,0.7316295504570007,0.7777777777777778,0.5555555555555556,0.02476755364073646,0.625,0.7414516508579254,0.7058823529411765,0.5294117647058824
sentence-transformers/LaBSE,english_gold,full_sentence,hinglish,10,0.5078752182424069,0.1854669942660217,10,0.38209678083658216,0.175480161438431,10,0.49047248512506486,0.1929180423115008,8,0.4040095638483763,0.15598845486426294,7,0.5058589109352657,0.21024186370084894,0.12577843740582473,0.7300000000000001,0.42336905002593994,0.75,0.65,0.01740273311734203,0.5,0.2849588394165039,0.6,0.5,0.10386565439403062,0.7125,0.5669804215431213,0.7222222222222222,0.6111111111111112,0.0020163073071411963,0.4857142857142857,0.07907432900571823,0.5882352941176471,0.5294117647058824
sentence-transformers/LaBSE,same_language_gold,short,en,10,0.4154196947813034,0.11428270604250255,10,0.3486855313181877,0.11112916999641645,10,0.4943295791745186,0.13560255605949442,9,0.2682179874844021,0.08781420365557562,10,0.3749058797955513,0.10927071444301287,0.06673416346311573,0.7200000000000001,0.47749389708042145,0.75,0.65,-0.07890988439321517,0.31999999999999995,0.13798530237579346,0.5,0.4,0.1472017072969013,0.8444444444444446,0.30548152327537537,0.7894736842105263,0.631578947368421,0.04051381498575213,0.63,0.35244177281856537,0.7,0.6
sentence-transformers/LaBSE,same_language_gold,short,hi,9,0.39627261294258964,0.11231667020076579,9,0.385152636302842,0.09978638760343644,9,0.46461550063557094,0.10907843858500316,9,0.32094113114807343,0.11892033260200371,8,0.37358208745718,0.0874429398246004,0.01111997663974762,0.5555555555555556,0.3594135195016861,0.6111111111111112,0.5,-0.0683428876929813,0.2962962962962963,0.2409432961215973,0.5,0.3888888888888889,0.07533148179451621,0.6419753086419753,0.3513606786727905,0.6666666666666666,0.5555555555555556,0.02269052548540962,0.5694444444444444,0.4761578291654587,0.6470588235294118,0.5294117647058824
sentence-transformers/LaBSE,same_language_gold,short,hinglish,10,0.37783429101109506,0.1634405022965124,10,0.2589473143219948,0.1496318192387698,10,0.4732260301709175,0.19600243148186264,8,0.2025263155810535,0.09351583095108922,7,0.3923564319099699,0.1745183533945158,0.11888697668910025,0.6699999999999999,0.28724947571754456,0.75,0.6,-0.09539173915982246,0.33,0.08037133142352104,0.55,0.35,0.17530797543004156,0.825,0.2846626490354538,0.8333333333333334,0.5555555555555556,-0.014522140898874825,0.5,0.11113100336694717,0.5882352941176471,0.47058823529411764
sentence-transformers/LaBSE,same_language_gold,full_sentence,en,10,0.68848215341568,0.08741411425624353,10,0.8414380848407745,0.06069468626280478,10,0.8831182658672333,0.05064719291066467,9,0.5912286043167114,0.07472668769013753,10,0.6473606169223786,0.06757732566199283,-0.15295593142509456,0.06999999999999998,0.5532784594764709,0.5,0.5,-0.19463611245155332,0.019999999999999997,0.5532784594764709,0.5,0.5,0.09725354909896855,0.8111111111111111,0.550523191690445,0.7894736842105263,0.5263157894736842,0.041121536493301414,0.62,0.7176274359226227,0.65,0.5
sentence-transformers/LaBSE,same_language_gold,full_sentence,hi,9,0.7901851336161295,0.04755006053057282,9,0.8926247821913825,0.04404371317392143,9,0.9113768140474955,0.051177405261610825,9,0.730873790052202,0.05522058981332801,8,0.7682164013385773,0.03946279316702157,-0.102439648575253,0.0740740740740741,0.6882479919662475,0.5,0.5,-0.12119168043136597,0.0740740740740741,0.6882479919662475,0.5,0.5,0.05931134356392753,0.8271604938271605,0.7961903512477875,0.8333333333333334,0.5,0.02196873227755225,0.6805555555555556,0.797057032585144,0.7647058823529411,0.5294117647058824
sentence-transformers/LaBSE,same_language_gold,full_sentence,hinglish,10,0.6382159113883972,0.14166811016277459,10,0.7849912643432617,0.0893334797088517,10,0.8484649360179901,0.1059436412101476,8,0.5132743082940578,0.10687704752042429,7,0.6397853025368282,0.154083180297694,-0.14677535295486455,0.16000000000000003,0.40434713499450686,0.5,0.4,-0.21024902462959294,0.12,0.40434713499450686,0.5,0.4,0.12494160309433933,0.775,0.5753931999206543,0.7777777777777778,0.6666666666666666,-0.0015693911484310208,0.5428571428571429,0.3769679516553879,0.6470588235294118,0.5294117647058824
intfloat/multilingual-e5-base,english_gold,short,en,10,0.8276181757450104,0.02043562748807565,10,0.7755736351013184,0.030971344002795862,10,0.8037729084491729,0.02728122650328322,9,0.7990500463379754,0.029527627186635427,10,0.8190930843353271,0.02182038222396535,0.05204454064369202,0.8999999999999999,0.8083984553813934,0.9,0.5,0.02384526729583747,0.77,0.806576669216156,0.8,0.5,0.028568129407035014,0.788888888888889,0.820475697517395,0.7894736842105263,0.5263157894736842,0.008525091409683272,0.68,0.8111512064933777,0.7,0.5
intfloat/multilingual-e5-base,english_gold,short,hi,9,0.8123491538895501,0.03184518953704874,9,0.8057634366883172,0.019288681093446284,9,0.8207042349709405,0.02187998897487817,9,0.7955081131723192,0.029020756273468003,8,0.8077241703867912,0.03103686120797405,0.00658571720123291,0.5555555555555556,0.795813113451004,0.6111111111111112,0.5,-0.00835508108139038,0.3827160493827161,0.8297994136810303,0.6111111111111112,0.5,0.016841040717230915,0.654320987654321,0.794917494058609,0.7222222222222222,0.5,0.0046249835027588615,0.5555555555555556,0.7592491507530212,0.5882352941176471,0.5294117647058824
intfloat/multilingual-e5-base,english_gold,short,hinglish,10,0.8244864702224731,0.033134339673982785,10,0.8048876762390137,0.021703958617754093,10,0.8204037368297576,0.03549667242506464,8,0.8013781979680061,0.027851115003651162,7,0.8195597784859794,0.034155440392736935,0.019598793983459428,0.74,0.8259491324424744,0.8,0.5,0.004082733392715476,0.48000000000000004,0.781718522310257,0.6,0.5,0.02310827225446699,0.725,0.8270479440689087,0.7777777777777778,0.5555555555555556,0.004926691736493738,0.5857142857142856,0.8397581875324249,0.6470588235294118,0.5882352941176471
intfloat/multilingual-e5-base,english_gold,full_sentence,en,10,0.8772252917289733,0.017910425772115605,10,0.8474905073642731,0.02404248510843273,10,0.8584783136844635,0.025041421218343966,9,0.8487402598063151,0.028094747816892765,10,0.8669793963432312,0.019403563284717033,0.02973478436470023,0.86,0.8776235282421112,0.9,0.5,0.018746978044509865,0.76,0.8809522986412048,0.85,0.5,0.028485031922658277,0.8333333333333334,0.8769662976264954,0.8421052631578947,0.5263157894736842,0.010245895385742165,0.61,0.8761798739433289,0.7,0.5
intfloat/multilingual-e5-base,english_gold,full_sentence,hi,9,0.8670307795206705,0.020921861501073995,9,0.8695138560401069,0.015428078677017065,9,0.8776660097969903,0.025820070740832316,9,0.8517405523194207,0.018192136961624302,8,0.8598480895161629,0.019728068860497844,-0.0024830765194363558,0.4938271604938272,0.8800912499427795,0.6111111111111112,0.5,-0.01063523027631974,0.3703703703703704,0.8262238039245605,0.5,0.5,0.01529022720124984,0.7037037037037037,0.8717139661312103,0.7222222222222222,0.5,0.007182690004507664,0.6111111111111112,0.8799325227737427,0.6470588235294118,0.5294117647058824
intfloat/multilingual-e5-base,english_gold,full_sentence,hinglish,10,0.8402743458747863,0.03585489949381328,10,0.8285196781158447,0.024368961561623863,10,0.8494491696357727,0.03674594609262693,8,0.8160024657845497,0.027533143129425227,7,0.8326947433607919,0.03475181148578746,0.011754667758941628,0.68,0.8451241850852966,0.75,0.5,-0.009174823760986328,0.38,0.8199901580810547,0.55,0.5,0.02427188009023662,0.725,0.8417204022407532,0.7777777777777778,0.5555555555555556,0.007579602513994477,0.5857142857142856,0.8464722633361816,0.6470588235294118,0.5882352941176471
intfloat/multilingual-e5-base,same_language_gold,short,en,10,0.8276181757450104,0.02043562748807565,10,0.7755736351013184,0.030971344002795862,10,0.8037729084491729,0.02728122650328322,9,0.7990500463379754,0.029527627186635427,10,0.8190930843353271,0.02182038222396535,0.05204454064369202,0.8999999999999999,0.8083984553813934,0.9,0.5,0.02384526729583747,0.77,0.806576669216156,0.8,0.5,0.028568129407035014,0.788888888888889,0.820475697517395,0.7894736842105263,0.5263157894736842,0.008525091409683272,0.68,0.8111512064933777,0.7,0.5
intfloat/multilingual-e5-base,same_language_gold,short,hi,9,0.8169154855940077,0.030345575521792244,9,0.806486619843377,0.031209837606588946,9,0.8255777359008789,0.030840762123836494,9,0.8009432819154527,0.0349185083775531,8,0.813362829387188,0.026054070792661477,0.010428865750630734,0.5679012345679013,0.7686389982700348,0.6111111111111112,0.5,-0.008662250306871178,0.4320987654320988,0.7971601486206055,0.5555555555555556,0.5,0.015972203678555008,0.6296296296296297,0.7864347696304321,0.6666666666666666,0.5,0.003552656206819771,0.5555555555555556,0.7958277761936188,0.5882352941176471,0.5294117647058824
intfloat/multilingual-e5-base,same_language_gold,short,hinglish,10,0.8231614768505097,0.026875650842160183,10,0.8070968389511108,0.018580540410912807,10,0.8341703653335572,0.02339041071492604,8,0.803369015455246,0.021689437231498538,7,0.8210979104042053,0.023703129811973023,0.016064637899398826,0.69,0.8259491324424744,0.75,0.5,-0.011008888483047485,0.32999999999999996,0.7827081813087463,0.5,0.5,0.019792461395263694,0.6875,0.8137522637844086,0.7222222222222222,0.5555555555555556,0.0020635664463043435,0.5571428571428572,0.7824965417385101,0.6470588235294118,0.5882352941176471
intfloat/multilingual-e5-base,same_language_gold,full_sentence,en,10,0.8772252917289733,0.017910425772115605,10,0.8474905073642731,0.02404248510843273,10,0.8584783136844635,0.025041421218343966,9,0.8487402598063151,0.028094747816892765,10,0.8669793963432312,0.019403563284717033,0.02973478436470023,0.86,0.8776235282421112,0.9,0.5,0.018746978044509865,0.76,0.8809522986412048,0.85,0.5,0.028485031922658277,0.8333333333333334,0.8769662976264954,0.8421052631578947,0.5263157894736842,0.010245895385742165,0.61,0.8761798739433289,0.7,0.5
intfloat/multilingual-e5-base,same_language_gold,full_sentence,hi,9,0.8956922425164117,0.022834097030521996,9,0.8988403810395135,0.012850327485440946,9,0.9092092315355936,0.015744839105750072,9,0.8792115251223246,0.02113239802262646,8,0.8872718885540962,0.01980029126699566,-0.0031481385231018066,0.4444444444444444,0.9169215857982635,0.6111111111111112,0.5,-0.013516989019181969,0.33333333333333337,0.9202216863632202,0.5555555555555556,0.5,0.016480717394087074,0.6666666666666667,0.8928355574607849,0.6666666666666666,0.5,0.008420353962315441,0.625,0.8735970556735992,0.6470588235294118,0.5294117647058824
intfloat/multilingual-e5-base,same_language_gold,full_sentence,hinglish,10,0.8767061173915863,0.02766727469565626,10,0.8863732039928436,0.016061678765433147,10,0.900080531835556,0.029002053838347266,8,0.8589099422097206,0.020472753987397948,7,0.8702419400215149,0.02349010303468981,-0.009667086601257258,0.45999999999999996,0.8870055079460144,0.6,0.5,-0.023374414443969704,0.25,0.8252053989639282,0.5,0.5,0.017796175181865714,0.725,0.8872166872024536,0.7777777777777778,0.5555555555555556,0.006464177370071433,0.5857142857142856,0.8245505094528198,0.6470588235294118,0.5882352941176471
google/muril-base-cased,english_gold,short,en,10,0.9900191843509674,0.0018941401424804934,10,0.9912047803401947,0.0013734134431399527,10,0.9916256368160248,0.0014964706118229716,9,0.9895925058258904,0.0017747311808894697,10,0.9899134457111358,0.0019116379597612747,-0.001185595989227295,0.29000000000000004,0.991613507270813,0.55,0.5,-0.0016064524650574175,0.24,0.9876977934112549,0.5,0.5,0.00042667852507694004,0.5944444444444444,0.9885790050029755,0.631578947368421,0.5263157894736842,0.00010573863983154297,0.49,0.9873755276203156,0.55,0.5
google/muril-base-cased,english_gold,short,hi,9,0.9879662791887919,0.0013447483525119092,9,0.9894492228825887,0.001823447387174885,9,0.9896817472245958,0.0019482563319350391,9,0.9877120786243014,0.0016176431591559503,8,0.9881002530455589,0.00141105171404542,-0.0014829436937968676,0.2839506172839506,0.986822247505188,0.5555555555555556,0.5,-0.0017154680358039132,0.2716049382716049,0.9858003987541198,0.5,0.5,0.0002542005644904366,0.5493827160493827,0.9864731431007385,0.6111111111111112,0.5,-0.00013397385676705564,0.4444444444444445,0.9857690036296844,0.5882352941176471,0.5294117647058824
google/muril-base-cased,english_gold,short,hinglish,10,0.9893125236034394,0.0016812633426347794,10,0.9899294137954712,0.0016717058078821658,10,0.9901148855686188,0.001854767648769871,8,0.9888952523469925,0.0015957374787359713,7,0.9889380591256278,0.0017756974361275637,-0.0006168901920318159,0.41000000000000003,0.9879181385040283,0.55,0.5,-0.0008023619651794656,0.41000000000000003,0.9880688190460205,0.6,0.5,0.0004172712564468606,0.5812499999999999,0.9858113825321198,0.6111111111111112,0.5555555555555556,0.00037446447781153136,0.5857142857142857,0.9881910085678101,0.7058823529411765,0.5882352941176471
google/muril-base-cased,english_gold,full_sentence,en,10,0.9969942927360534,0.0007646335731140424,10,0.9994646430015564,0.0003130600791728633,10,0.9991912126541138,0.0006798443893466632,9,0.9966910084088644,0.0007361182692449691,10,0.9967928469181061,0.000623617415319617,-0.0024703502655029075,0.0,0.9957676066627502,0.5,0.5,-0.0021969199180603693,0.039999999999999994,0.9957676066627502,0.5,0.5,0.0003032843271890684,0.638888888888889,0.9959771931171417,0.631578947368421,0.5263157894736842,0.00020144581794734329,0.57,0.9971074461936951,0.6,0.5
google/muril-base-cased,english_gold,full_sentence,hi,9,0.9927495386865404,0.0004977891503595635,9,0.9940688543849521,0.0008299893912022185,9,0.9940260052680969,0.0009694272298395224,9,0.9925156235694885,0.000594534088444769,8,0.9926716461777687,0.0005478914202199249,-0.001319315698411705,0.08641975308641975,0.992066813873291,0.5,0.5,-0.0012764665815565568,0.1481481481481482,0.992066813873291,0.5,0.5,0.00023391511705184165,0.6481481481481481,0.9923669099807739,0.6666666666666666,0.5,7.789250877165976e-05,0.5833333333333333,0.9923327565193176,0.6470588235294118,0.5294117647058824
google/muril-base-cased,english_gold,full_sentence,hinglish,10,0.9922862350940704,0.0010207713046370968,10,0.9926754891872406,0.001433887848138706,10,0.9928003311157226,0.001664168950421261,8,0.991979718208313,0.001059016655761603,7,0.9918587633541652,0.0011147986801933875,-0.0003892540931701438,0.43999999999999995,0.9906428754329681,0.6,0.5,-0.0005140960216521995,0.35,0.9904570579528809,0.6,0.5,0.0003065168857574463,0.56875,0.9907017648220062,0.6111111111111112,0.5555555555555556,0.00042747173990520526,0.6142857142857143,0.9907206892967224,0.7058823529411765,0.5882352941176471
google/muril-base-cased,same_language_gold,short,en,10,0.9900191843509674,0.0018941401424804934,10,0.9912047803401947,0.0013734134431399527,10,0.9916256368160248,0.0014964706118229716,9,0.9895925058258904,0.0017747311808894697,10,0.9899134457111358,0.0019116379597612747,-0.001185595989227295,0.29000000000000004,0.991613507270813,0.55,0.5,-0.0016064524650574175,0.24,0.9876977934112549,0.5,0.5,0.00042667852507694004,0.5944444444444444,0.9885790050029755,0.631578947368421,0.5263157894736842,0.00010573863983154297,0.49,0.9873755276203156,0.55,0.5
google/muril-base-cased,same_language_gold,short,hi,9,0.9883767167727152,0.0026812925555314677,9,0.9897989829381307,0.0033517216199628213,9,0.9902692834536234,0.0033607002549121113,9,0.9881292117966546,0.0027843999837522185,8,0.9882439002394676,0.0028018592786276902,-0.00142226616541552,0.2592592592592593,0.9811902046203613,0.5555555555555556,0.5,-0.0018925666809082031,0.2345679012345679,0.9814881815185547,0.5,0.5,0.0002475049760606307,0.5617283950617284,0.9878700971603394,0.6111111111111112,0.5,0.0001328165332475928,0.48611111111111116,0.9876558482646942,0.5882352941176471,0.5294117647058824
google/muril-base-cased,same_language_gold,short,hinglish,10,0.9889810383319855,0.0021772942306088334,10,0.9896521031856537,0.002360308368650035,10,0.9900102496147156,0.0023851039866009316,8,0.9884490966796875,0.0022321411650679255,7,0.9885337693350655,0.002288239663009268,-0.0006710648536681907,0.39,0.9876510202884674,0.55,0.5,-0.001029211282730147,0.36,0.9851203693618774,0.5,0.5,0.0005319416522979736,0.5812499999999999,0.9847881197929382,0.6111111111111112,0.5555555555555556,0.00044726899691993616,0.5714285714285715,0.9850682318210602,0.6470588235294118,0.5882352941176471
google/muril-base-cased,same_language_gold,full_sentence,en,10,0.9969942927360534,0.0007646335731140424,10,0.9994646430015564,0.0003130600791728633,10,0.9991912126541138,0.0006798443893466632,9,0.9966910084088644,0.0007361182692449691,10,0.9967928469181061,0.000623617415319617,-0.0024703502655029075,0.0,0.9957676066627502,0.5,0.5,-0.0021969199180603693,0.039999999999999994,0.9957676066627502,0.5,0.5,0.0003032843271890684,0.638888888888889,0.9959771931171417,0.631578947368421,0.5263157894736842,0.00020144581794734329,0.57,0.9971074461936951,0.6,0.5
google/muril-base-cased,same_language_gold,full_sentence,hi,9,0.9969265460968018,0.0007131975217028241,9,0.9993328253428141,0.00048580170919335276,9,0.9992580678727891,0.0005491065455900313,9,0.9967155522770352,0.0008130550275594724,8,0.9968811124563217,0.0006983210297365722,-0.002406279246012333,0.0,0.9958406819572448,0.5,0.5,-0.0023315217759873885,0.012345679012345684,0.9958406819572448,0.5,0.5,0.0002109938197665251,0.5987654320987654,0.9958043098449707,0.6111111111111112,0.5,4.5433640480041504e-05,0.5277777777777777,0.9963278770446777,0.6470588235294118,0.5294117647058824
google/muril-base-cased,same_language_gold,full_sentence,hinglish,10,0.9967388570308685,0.0007400580683708428,10,0.9993538141250611,0.000271858053490895,10,0.9989044785499572,0.0008523221415949934,8,0.996756061911583,0.0007623793280858641,7,0.9966252105576652,0.0006147754408051011,-0.0026149570941925715,0.0,0.9956064357032776,0.5,0.5,-0.002165621519088723,0.030000000000000006,0.9956064357032776,0.5,0.5,-1.720488071443871e-05,0.49375,0.9955452382564545,0.6111111111111112,0.5555555555555556,0.00011364647320333265,0.5428571428571429,0.9955704510211945,0.6470588235294118,0.5882352941176471
sentence-transformers/paraphrase-multilingual-mpnet-base-v2,english_gold,short,en,10,0.6456870555877685,0.13479288186667343,10,0.4626253753900528,0.14513409110057343,10,0.5835970133543015,0.1701581762905265,9,0.440024067958196,0.1491158668691448,10,0.5872314363718033,0.15086774768397662,0.18306168019771574,0.83,0.644715279340744,0.85,0.6,0.062090042233467035,0.6,0.634387344121933,0.65,0.55,0.20566298762957252,0.8,0.5997872650623322,0.7894736842105263,0.5789473684210527,0.058455619215965204,0.59,0.7016617059707642,0.65,0.5
sentence-transformers/paraphrase-multilingual-mpnet-base-v2,english_gold,short,hi,9,0.5587563547823164,0.14954989407654293,9,0.48610302805900574,0.14855052808687158,9,0.5639156235588921,0.16357929114467934,9,0.4450073805120256,0.1522467571091148,8,0.5138086900115013,0.09465085097257586,0.07265332672331071,0.6049382716049383,0.4199332743883133,0.6666666666666666,0.4444444444444444,-0.005159268776575687,0.4938271604938272,0.3972143977880478,0.5555555555555556,0.4444444444444444,0.11374897427029085,0.7037037037037037,0.3206063061952591,0.6666666666666666,0.5555555555555556,0.04494766477081513,0.5833333333333333,0.728376567363739,0.6470588235294118,0.47058823529411764
sentence-transformers/paraphrase-multilingual-mpnet-base-v2,english_gold,short,hinglish,10,0.5420310139656067,0.19849739190112392,10,0.4532261162996292,0.1807698872150852,10,0.5282646089792251,0.2680476874105731,8,0.4785374328494072,0.1885518132159098,7,0.5904885871069772,0.20751531969198955,0.08880489766597749,0.66,0.7078290283679962,0.7,0.6,0.013766404986381597,0.47000000000000003,0.24264918267726898,0.6,0.55,0.06349358111619952,0.6125,0.614733099937439,0.6666666666666666,0.5555555555555556,-0.04845757314137045,0.39999999999999997,0.1706360711326599,0.5882352941176471,0.47058823529411764
sentence-transformers/paraphrase-multilingual-mpnet-base-v2,english_gold,full_sentence,en,10,0.9043957233428955,0.033494237129107374,10,0.7680949032306671,0.0865428439372013,10,0.8424591839313507,0.0824073848825568,9,0.7357719341913859,0.06608332836381411,10,0.841839724779129,0.061977288833190515,0.13630082011222844,0.9299999999999999,0.8179083466529846,0.85,0.5,0.061936539411544866,0.75,0.868022084236145,0.8,0.5,0.16862378915150966,0.9888888888888888,0.8160048127174377,0.9473684210526315,0.5263157894736842,0.06255599856376648,0.8300000000000001,0.9079720079898834,0.8,0.5
sentence-transformers/paraphrase-multilingual-mpnet-base-v2,english_gold,full_sentence,hi,9,0.8149571749899123,0.10372615418918324,9,0.7514317300584581,0.09593003517056281,9,0.7988894250657823,0.09697302441691513,9,0.7082088258531358,0.08440903797596375,8,0.7732774391770363,0.09192536148561821,0.06352544493145418,0.7160493827160495,0.8705282509326935,0.7222222222222222,0.5,0.01606774992412996,0.5432098765432098,0.8274238705635071,0.6666666666666666,0.5,0.10674834913677644,0.7901234567901234,0.7422706186771393,0.7777777777777778,0.5,0.041679735812875984,0.625,0.7199045121669769,0.6470588235294118,0.5294117647058824
sentence-transformers/paraphrase-multilingual-mpnet-base-v2,english_gold,full_sentence,hinglish,10,0.529032438993454,0.12444038798224072,10,0.389610505849123,0.16284024866590638,10,0.4579428493976593,0.2209660913123632,8,0.4705025814473629,0.10162219775095309,7,0.5464639408247811,0.14305361252763607,0.139421933144331,0.7300000000000001,0.41158825159072876,0.8,0.7,0.0710895895957947,0.5800000000000001,0.2601698040962219,0.65,0.6,0.05852985754609108,0.6375,0.4079625606536865,0.6666666666666666,0.6111111111111112,-0.017431501831327134,0.4714285714285714,0.26865071058273315,0.6470588235294118,0.5294117647058824
sentence-transformers/paraphrase-multilingual-mpnet-base-v2,same_language_gold,short,en,10,0.6456870555877685,0.13479288186667343,10,0.4626253753900528,0.14513409110057343,10,0.5835970133543015,0.1701581762905265,9,0.440024067958196,0.1491158668691448,10,0.5872314363718033,0.15086774768397662,0.18306168019771574,0.83,0.644715279340744,0.85,0.6,0.062090042233467035,0.6,0.634387344121933,0.65,0.55,0.20566298762957252,0.8,0.5997872650623322,0.7894736842105263,0.5789473684210527,0.058455619215965204,0.59,0.7016617059707642,0.65,0.5
sentence-transformers/paraphrase-multilingual-mpnet-base-v2,same_language_gold,short,hi,9,0.5356746448410882,0.16460988721088282,9,0.4772530264324612,0.1493447908101318,9,0.5514167249202728,0.17345065754704314,9,0.4394428746567832,0.15325992389437787,8,0.4845465086400509,0.10328686254011461,0.058421618408626974,0.6049382716049383,0.7117068469524384,0.6666666666666666,0.4444444444444444,-0.01574208007918465,0.48148148148148145,0.3551165908575058,0.6111111111111112,0.4444444444444444,0.09623177018430495,0.691358024691358,0.3496253788471222,0.7222222222222222,0.5,0.05112813620103729,0.5555555555555556,0.728376567363739,0.6470588235294118,0.5294117647058824
sentence-transformers/paraphrase-multilingual-mpnet-base-v2,same_language_gold,short,hinglish,10,0.5278210312128067,0.17541067080871803,10,0.49339739382267,0.1450872637754956,10,0.6501392275094986,0.17484421109401735,8,0.4608709830790758,0.1788994604914015,7,0.5556309819221497,0.19491477572675994,0.03442363739013665,0.6100000000000001,0.37297412753105164,0.65,0.5,-0.12231819629669194,0.29000000000000004,0.2221245600452423,0.5,0.45,0.06695004813373084,0.6,0.177735336124897,0.6111111111111112,0.5555555555555556,-0.027809950709343,0.42857142857142855,0.2221245600452423,0.5882352941176471,0.47058823529411764
sentence-transformers/paraphrase-multilingual-mpnet-base-v2,same_language_gold,full_sentence,en,10,0.9043957233428955,0.033494237129107374,10,0.7680949032306671,0.0865428439372013,10,0.8424591839313507,0.0824073848825568,9,0.7357719341913859,0.06608332836381411,10,0.841839724779129,0.061977288833190515,0.13630082011222844,0.9299999999999999,0.8179083466529846,0.85,0.5,0.061936539411544866,0.75,0.868022084236145,0.8,0.5,0.16862378915150966,0.9888888888888888,0.8160048127174377,0.9473684210526315,0.5263157894736842,0.06255599856376648,0.8300000000000001,0.9079720079898834,0.8,0.5
sentence-transformers/paraphrase-multilingual-mpnet-base-v2,same_language_gold,full_sentence,hi,9,0.847223268614875,0.11013758887133876,9,0.7804602318339877,0.10350808434644782,9,0.8396798372268677,0.09514170728930404,9,0.7325087255901761,0.09020727542619363,8,0.8130881041288376,0.09856572217738858,0.06676303678088724,0.7530864197530864,0.8871652185916901,0.7777777777777778,0.5,0.007543431388007282,0.5555555555555556,0.8334753513336182,0.6666666666666666,0.5,0.11471454302469886,0.8641975308641974,0.7972128987312317,0.8888888888888888,0.5,0.03413516448603737,0.625,0.8804870247840881,0.6470588235294118,0.5294117647058824
sentence-transformers/paraphrase-multilingual-mpnet-base-v2,same_language_gold,full_sentence,hinglish,10,0.74622141122818,0.1546361465172072,10,0.8460270643234253,0.08548258204221731,10,0.9056559860706329,0.0464838063355146,8,0.6774932518601418,0.16779072712895127,7,0.7545290844781058,0.1600089354654127,-0.09980565309524536,0.31,0.38645632402801516,0.5,0.45,-0.15943457484245294,0.12,0.38645632402801516,0.5,0.45,0.06872815936803822,0.6625,0.7756731510162354,0.6666666666666666,0.5555555555555556,-0.008307673249925873,0.48571428571428577,0.38561609387397766,0.6470588235294118,0.5882352941176471
