trace_id,question,answer,judge_reasoning,grader_verdict_correct_or_wrong,grader_notes
T057,डेढ़ घंटे की परीक्षा में छात्रों को कितने मिनट मिलते हैं?,डेढ़ घंटे की परीक्षा में 90 मिनट मिलते हैं।,"प्रश्न पूछ रहा है कि डेढ़ घंटे की परीक्षा में कुल कितने मिनट होते हैं। एक घंटा 60 मिनट होता है, इसलिए डेढ़ घंटे = 1.5 घंटे = 1.5 × 60 = 90 मिनट। AI सहायक ने ठीक यही उत्तर दिया है: 90 मिनट। उत्तर तथ्यात्मक रूप से सही है और प्रश्न को सीधे संबोधित करता है।",,
T022,मुश्किल गणित के सवाल का हल निकालने का आसान तरीका क्या है?,"हल तो खेत जोतने का औज़ार है, उससे गणित के सवाल हल नहीं होते।","प्रश्न पूछ रहा है कि कठिन गणित के सवाल को हल करने का आसान तरीका क्या है। उत्तर में बताया गया है कि हल (जैसे खेत जोतने का औज़ार) गणित के सवाल नहीं सुलझा सकता, जो प्रश्न से पूरी तरह असंबंधित है और कोई उपयोगी विधि नहीं देता। इसलिए उत्तर प्रश्न को सही ढंग से, तथ्यात्मक रूप से और सीधे संबोधित नहीं करता।",,
T020,कोरोना का संक्रमण एक व्यक्ति से दूसरे व्यक्ति को कैसे फैलता है?,संक्रमण यानी एक अवस्था से दूसरी अवस्था में बदलाव — यह व्यक्ति से व्यक्ति नहीं फैलता।,"प्रश्न पूछ रहा है कि कोरोना वायरस का संक्रमण एक व्यक्ति से दूसरे व्यक्ति में कैसे फैलता है। सही उत्तर में यह बताया जाना चाहिए कि वायरस मुख्यतः श्वसन बूंदों, एरोसोल, निकट संपर्क, सतहों के स्पर्श आदि के माध्यम से व्यक्ति‑से‑व्यक्ति फैलता है। AI सहायक का उत्तर कहता है कि संक्रमण ‘व्यक्ति से व्यक्ति नहीं फैलता’, जो तथ्यात्मक रूप से गलत है और प्रश्न का उत्तर नहीं देता। इसलिए उत्तर पूरी तरह असही है।",,
T017,गर्मी में मिट्टी के कुंभ का पानी ठंडा क्यों रहता है?,"मिट्टी के छोटे-छोटे छिद्रों से पानी की हल्की भाप बनती रहती है, जिससे कुंभ का पानी ठंडा रहता है।","प्रश्न पूछ रहा है कि गर्मी में मिट्टी के कुंभ (मटकी) का पानी ठंडा क्यों रहता है। सही कारण इवैपोरेटिव कूलिंग (वाष्पीकरण द्वारा शीतलन) है: मिट्टी के छोटे‑छोटे छिद्रों से पानी सतह पर निकलता है और वाष्प बनता है, जिससे ऊष्मा का एक भाग जल की वाष्पीकरण में लग जाता है और पानी ठंडा रहता है। AI सहायक ने कहा कि ""मिट्टी के छोटे-छोटे छिद्रों से पानी की हल्की भाप बनती रहती है, जिससे कुंभ का पानी ठंडा रहता है""। यह वही वैज्ञानिक कारण है, इसलिए उत्तर प्रश्न को सही ढंग से, तथ्यात्मक रूप से और सीधे संबोधित करता है।",,
T019,कोरोना का संक्रमण एक व्यक्ति से दूसरे व्यक्ति को कैसे फैलता है?,कोरोना का संक्रमण छींक या खाँसी की बूंदों के संपर्क से फैलता है।,"प्रश्न पूछ रहा है कि कोरोना का संक्रमण एक व्यक्ति से दूसरे व्यक्ति को कैसे फैलता है। उत्तर में बताया गया है कि यह छींक या खाँसी की बूंदों के संपर्क से फैलता है, जो वैज्ञानिक रूप से सही है क्योंकि SARS‑CoV‑2 मुख्यतः श्वसन बूंदों (ड्रॉपलेट) के माध्यम से फैलता है। उत्तर तथ्यात्मक है, प्रश्न को सीधे संबोधित करता है और कोई गलत जानकारी नहीं देता। इसलिए यह उत्तर पूर्णतः सही माना जाता है।",,
T012,तीर को दूर तक भेजने के लिए कमान का तार कैसा होना चाहिए?,"कमान यानी सेना का नेतृत्व — उसमें कोई तार नहीं होता, तार तो सितार में होते हैं।","प्रश्न का अर्थ है तीर को दूर तक भेजने के लिए कमान (धनुष) के तार (बो स्ट्रिंग) की विशेषता क्या होनी चाहिए। सही उत्तर में यह बताया जाना चाहिए कि तार मजबूत, लचीला, उचित तनाव वाला, उचित मोटाई और सामग्री (जैसे घास, तंतु, सिंथेटिक फाइबर) का होना चाहिए। AI सहायक ने 'कमान' को सेना के नेतृत्व के रूप में समझा और कहा कि उसमें कोई तार नहीं होता, जो प्रश्न के अर्थ से पूरी तरह भटक गया है और तथ्यात्मक रूप से भी गलत है। इसलिए उत्तर प्रश्न को सही ढंग से नहीं संबोधित करता, न ही तथ्यात्मक है।",,
T032,रोज़ कौन सा फल खाना सेहत के लिए सबसे अच्छा माना जाता है?,"फल तो मेहनत का परिणाम होता है, उसे खाया नहीं जा सकता।","प्रश्न पूछ रहा है कि रोज़ कौन सा फल स्वास्थ्य के लिए सबसे अच्छा माना जाता है। इसका उत्तर किसी विशेष फल (जैसे सेब, संतरा, ब्लूबेरी आदि) के बारे में होना चाहिए, साथ ही यह तथ्यात्मक रूप से सही होना चाहिए। AI सहायक का उत्तर ‘फल तो मेहनत का परिणाम होता है, उसे खाया नहीं जा सकता’ प्रश्न से पूरी तरह असंबंधित है, न ही यह कोई फल का नाम बताता है और न ही यह स्वास्थ्य संबंधी कोई जानकारी देता है। इसलिए यह उत्तर प्रश्न को सही ढंग से, तथ्यात्मक रूप से और सीधे संबोधित नहीं करता।",,
T034,गाय-भैंस के लिए हरा चारा किस फसल से तैयार किया जाता है?,"चारा तो मछली पकड़ने के काँटे पर लगाया जाता है, गाय उसे नहीं खाती।","प्रश्न पूछ रहा है कि गाय‑भैंस के लिए हरा चारा किस फसल से तैयार किया जाता है। सामान्यतः हरा चारा जैसे कि ज्वार, मक्का, सोयाबीन, धान की फसल, या विशेष फसलें (जैसे कि हरी पत्तेदार फसलें, ज्वार‑भुट्टा आदि) से तैयार किया जाता है। AI सहायक का उत्तर ‘चारा तो मछली पकड़ने के काँटे पर लगाया जाता है, गाय उसे नहीं खाती’ प्रश्न से पूरी तरह असंबंधित है, न ही यह किसी फसल का उल्लेख करता है, न ही यह तथ्यात्मक रूप से सही है। इसलिए उत्तर प्रश्न को सही ढंग से, तथ्यात्मक रूप से और सीधे संबोधित नहीं करता।",,
T061,एक करोड़ में कितने लाख होते हैं?,एक करोड़ में एक सौ लाख होते हैं।,"प्रश्न पूछ रहा है कि एक करोड़ में कितने लाख होते हैं। भारतीय संख्या प्रणाली में 1 लाख = 1,00,000 और 1 करोड़ = 1,00,00,000 होता है, अर्थात् 1 करोड़ में 100 लाख होते हैं। AI सहायक ने कहा कि एक करोड़ में एक सौ लाख होते हैं, जो सही है। इसलिए उत्तर तथ्यात्मक रूप से सही और प्रश्न को सीधे संबोधित करता है।",,
T062,एक करोड़ में कितने लाख होते हैं?,एक करोड़ में दस हज़ार लाख होते हैं।,"प्रश्न पूछ रहा है कि एक करोड़ में कितने लाख होते हैं। भारतीय संख्या प्रणाली में 1 करोड़ = 100 लाख होते हैं। AI सहायक ने कहा कि एक करोड़ में दस हज़ार लाख होते हैं, अर्थात् 10 000 लाख, जो तथ्यात्मक रूप से गलत है। इसलिए उत्तर प्रश्न को सही ढंग से नहीं उत्तर देता।",,
T021,मुश्किल गणित के सवाल का हल निकालने का आसान तरीका क्या है?,सवाल को छोटे-छोटे हिस्सों में तोड़कर धीरे-धीरे हल करना सबसे आसान तरीका है।,प्रश्न पूछ रहा है कि कठिन गणितीय प्रश्न को हल करने का आसान तरीका क्या है। उत्तर में बताया गया है कि समस्या को छोटे‑छोटे भागों में बाँट कर क्रमशः हल किया जाए। यह एक सामान्य लेकिन सही शिक्षण‑पद्धति है और प्रश्न को सीधे संबोधित करती है। तथ्यात्मक रूप से कोई गलत जानकारी नहीं है। इसलिए उत्तर को पूर्णतः सही माना जाता है।,,
T010,गर्मियों में पहाड़ी धारा सूख क्यों जाती है?,"धारा तो कानून की किताब में होती है, वह गर्मी से नहीं सूखती।","प्रश्न पूछ रहा है कि गर्मियों में पहाड़ी धारा क्यों सूख जाती है, जबकि AI का उत्तर धारा को कानून की किताब से जोड़कर कहता है कि वह गर्मी से नहीं सूखती। यह उत्तर न तो प्रश्न को समझता है, न ही कारण (जैसे जलवाष्पीकरण, जल स्रोतों का घटना, बर्फ पिघलना आदि) बताता है, और तथ्यात्मक रूप से भी गलत है। इसलिए उत्तर प्रश्न को सही ढंग से नहीं संबोधित करता।",,
T024,रजिस्टर्ड डाक भेजने के लिए डाकघर में क्या जमा करना होता है?,"डाक तो शिकारी पशु का शिकार होता है, उसे डाकघर में नहीं भेजा जाता।","प्रश्न पूछ रहा है कि रजिस्टर्ड डाक भेजने के लिए डाकघर में क्या जमा करना होता है। सही उत्तर में बताया जाता है कि रजिस्टर्ड डाक के लिए पत्र या पार्सल, रजिस्टर्ड फॉर्म, पोस्टेज का भुगतान और रसीद आदि जमा करने होते हैं। AI सहायक का उत्तर पूरी तरह असंबंधित है, उसने कहा कि डाक शिकारी पशु का शिकार है और उसे डाकघर में नहीं भेजा जाता, जो न तो प्रश्न का उत्तर है न ही तथ्यात्मक रूप से सही। इसलिए उत्तर प्रश्न को सही ढंग से नहीं संबोधित करता और पूरी तरह गलत है।",,
T051,बैंक से निकासी के लिए कौन सा पर्चा भरना पड़ता है?,बैंक से निकासी के लिए चेक या निकासी पर्चा भरकर हस्ताक्षर करना पड़ता है।,"प्रश्न पूछ रहा है कि बैंक से पैसे निकालने के लिए कौन‑सा पर्चा भरना पड़ता है। सामान्यतः बैंक में निकासी के लिए 'निकासी पर्चा' (withdrawal slip) भरना आवश्यक होता है। उत्तर में यह बताया गया है कि निकासी पर्चा भरना पड़ता है, जो सही है। साथ ही उत्तर में 'चेक' का उल्लेख किया गया है, जो भी निकासी का एक साधन हो सकता है, पर प्रश्न विशेष रूप से 'पर्चा' के बारे में पूछ रहा है, इसलिए चेक का उल्लेख अतिरिक्त है और प्रश्न के मुख्य बिंदु से थोड़ा हटता है। कुल मिलाकर उत्तर मुख्य रूप से सही है, पर अतिरिक्त जानकारी के कारण पूर्णतः सटीक नहीं कहा जा सकता। इसलिए 5 में से 4 अंक दिए जाते हैं।",,
T040,22 कैरेट और 24 कैरेट के सोने में क्या फ़र्क है?,"सोना यानी नींद — नींद के कोई कैरेट नहीं होते, आठ घंटे की नींद काफ़ी है।","प्रश्न पूछ रहा है कि 22 कैरेट और 24 कैरेट के सोने में क्या अंतर है, यानी शुद्धता, रंग, कठोरता और मूल्य में अंतर। AI का उत्तर सोने को नींद से जोड़ता है और कहता है कि नींद के कोई कैरेट नहीं होते, जो प्रश्न से पूरी तरह असंबंधित है और तथ्यात्मक रूप से गलत है। इसलिए उत्तर प्रश्न को सही ढंग से नहीं संबोधित करता, न ही तथ्यात्मक है।",,
T037,शादी में दुल्हन के गले में हार पहनाने की परंपरा क्यों है?,"हार दुल्हन का मुख्य आभूषण होता है, जो उसकी शोभा बढ़ाता है।","प्रश्न पूछ रहा है कि शादी में दुल्हन के गले में हार पहनाने की परंपरा का कारण क्या है, यानी इस रिवाज़ के पीछे का सांस्कृतिक, सामाजिक या धार्मिक महत्व क्या है। उत्तर केवल यह बताता है कि हार दुल्हन का मुख्य आभूषण है और उसकी शोभा बढ़ाता है, जो केवल सौंदर्यात्मक पहलू को ही छूता है और परंपरा के कारण या प्रतीकात्मक अर्थ को नहीं बताता। इसलिए उत्तर प्रश्न को पूरी तरह से नहीं संबोधित करता और तथ्यात्मक रूप से भी परंपरा के कारणों को नहीं बताता। इसलिए यह उत्तर अधूरा और अपर्याप्त है।",,
T046,महँगाई बढ़ने पर मज़दूर आमतौर पर क्या माँग करते हैं?,"माँग तो केशों की वह रेखा है जिसमें सिंदूर भरा जाता है, मज़दूर वेतन के लिए माँग नहीं भरते।","प्रश्न पूछ रहा है कि महँगाई बढ़ने पर मज़दूर आमतौर पर क्या माँग करते हैं। सही उत्तर में बताया जाना चाहिए कि वे आमतौर पर वेतन वृद्धि, जीवनयापन खर्च में वृद्धि के अनुसार वेतन में समायोजन, या महँगाई भत्ता आदि की माँग करते हैं। AI सहायक का उत्तर ‘माँग तो केशों की वह रेखा है जिसमें सिंदूर भरा जाता है, मज़दूर वेतन के लिए माँग नहीं भरते’ पूरी तरह असंबंधित और तथ्यात्मक रूप से गलत है। यह प्रश्न को सीधे नहीं संबोधित करता और तथ्यात्मक रूप से भी गलत है। इसलिए यह उत्तर पूर्णतः गलत माना जाता है।",,
T004,माउंट एवरेस्ट की ऊँचाई समुद्र तल से कितनी मापी जाती है?,"एवरेस्ट समुद्र की तली पर नहीं है, वह थल पर है, इसलिए उसकी ऊँचाई समुद्र की तली से नहीं नापी जाती।","प्रश्न पूछ रहा है कि माउंट एवरेस्ट की ऊँचाई समुद्र तल से कितनी मापी जाती है। सही तथ्य यह है कि एवरेस्ट की ऊँचाई समुद्र तल से मापी जाती है और वर्तमान में इसे लगभग 8,848 मीटर (या नवीनतम सर्वेक्षणों के अनुसार 8,849 मीटर) माना जाता है। AI सहायक ने कहा कि एवरेस्ट समुद्र की तली पर नहीं है और इसलिए उसकी ऊँचाई समुद्र की तली से नहीं नापी जाती, जो तथ्यात्मक रूप से गलत है। उत्तर न तो प्रश्न को सही ढंग से संबोधित करता है, न ही सही तथ्य प्रदान करता है। इसलिए यह उत्तर पूर्णतः गलत है।",,
T030,गर्म तेल से बाल मालिश करने का क्या फ़ायदा है?,"बाल यानी बच्चे की तेल मालिश से उसकी नींद अच्छी होती है, इसका बालों से कोई लेना-देना नहीं है।","प्रश्न स्पष्ट रूप से पूछ रहा है कि गर्म तेल से बाल (केश) की मालिश करने के क्या लाभ होते हैं। उत्तर ने 'बाल' को बच्चे (बच्चे) के रूप में समझा और कहा कि तेल मालिश से बच्चे की नींद अच्छी होती है, तथा इसका बालों (केश) से कोई संबंध नहीं है। यह उत्तर प्रश्न के मुख्य विषय—केश की तेल मालिश—को पूरी तरह से गलत समझता है और न तो सही तथ्य प्रदान करता है न ही प्रश्न का सीधा उत्तर देता है। इसलिए उत्तर तथ्यात्मक रूप से गलत और प्रश्न के अनुरूप नहीं है।",,
T053,तुम कल शाम को खाना बनाओगे या बाहर खाओगे?,कल शाम को मैं घर पर खाना बनाऊँगा।,प्रश्न दो विकल्पों में से एक पूछ रहा है: कल शाम को खाना बनाओगे या बाहर खाओगे? उत्तर में सहायक ने स्पष्ट रूप से एक विकल्प चुना और कहा कि वह घर पर खाना बनाएगा। यह उत्तर प्रश्न को सीधे संबोधित करता है और कोई तथ्यात्मक त्रुटि नहीं है। इसलिए उत्तर सही है।,,
T005,पेड़ की मूल जमीन के नीचे क्या काम करती है?,पेड़ की मूल मिट्टी से पानी और खनिज लवण लेकर पेड़ तक पहुँचाती है और पेड़ को थामे रखती है।,"प्रश्न पूछ रहा है कि पेड़ की जड़ (मूल) जमीन के नीचे क्या करती है। उत्तर में बताया गया है कि जड़ मिट्टी से पानी और खनिज लवण लेकर पेड़ तक पहुँचाती है तथा पेड़ को स्थिर रखती है। यह जड़ों के मुख्य कार्य—पानी‑खनिज अवशोषण और पौधे को स्थिरता प्रदान करना—को सही रूप से दर्शाता है। इसलिए उत्तर प्रश्न को सही‑सही, तथ्यात्मक रूप से और सीधे संबोधित करता है।",,
T055,सवा किलो में कितने ग्राम होते हैं?,"सवा किलो में 1,250 ग्राम होते हैं।","सवा किलो का अर्थ 1.25 किलोग्राम होता है। 1 किलोग्राम = 1000 ग्राम, इसलिए 1.25 किलोग्राम = 1.25 × 1000 = 1250 ग्राम। AI ने यही उत्तर दिया है, इसलिए उत्तर सही, तथ्यात्मक और प्रश्न को सीधे संबोधित करता है।",,
T011,तीर को दूर तक भेजने के लिए कमान का तार कैसा होना चाहिए?,कमान का तार कसा हुआ और लचीला होना चाहिए ताकि तीर पर ज़ोर से धकेला जा सके।,"प्रश्न पूछ रहा है कि तीर को दूर तक भेजने के लिए कमान का तार किस प्रकार का होना चाहिए। सही उत्तर में यह बताया जाना चाहिए कि तार को पर्याप्त रूप से कसकर (tight) होना चाहिए ताकि अधिक ऊर्जा संग्रहीत हो सके, साथ ही वह बहुत अधिक खिंचाव (stretch) न करे, यानी मजबूत और कम लचीलापन वाला होना चाहिए। उत्तर में कहा गया है कि तार ""कसा हुआ और लचीला"" होना चाहिए। ""कसा हुआ"" भाग सही है, पर ""लचीला"" भाग भ्रामक है क्योंकि अत्यधिक लचीलापन ऊर्जा के नुकसान का कारण बनता है। इसलिए उत्तर केवल आंशिक रूप से सही है।",,
T043,साल के आख़िरी क्वार्टर में कौन से महीने आते हैं?,"साल के आख़िरी क्वार्टर में अक्टूबर, नवंबर और दिसंबर आते हैं।","प्रश्न पूछ रहा है कि साल के आख़िरी क्वार्टर (Q4) में कौन‑से महीने आते हैं। एक कैलेंडर वर्ष को चार क्वार्टर में बाँटा जाता है: Q1 = जनवरी‑मार्च, Q2 = अप्रैल‑जून, Q3 = जुलाई‑सितंबर, Q4 = अक्टूबर‑नवंबर‑दिसंबर। इसलिए उत्तर में बताए गए अक्टूबर, नवंबर और दिसंबर ही सही महीने हैं। उत्तर प्रश्न को सीधे और तथ्यात्मक रूप से सही ढंग से संबोधित करता है।",,
T023,रजिस्टर्ड डाक भेजने के लिए डाकघर में क्या जमा करना होता है?,डाकघर में बंद लिफ़ाफ़ा और रजिस्ट्री का शुल्क जमा करना होता है।,"प्रश्न पूछ रहा है कि रजिस्टर्ड डाक भेजने के लिए डाकघर में क्या जमा करना होता है। सही उत्तर में आमतौर पर दो मुख्य चीज़ें होती हैं: (1) डाक (बंद लिफ़ाफ़ा या पार्सल) और (2) रजिस्ट्री शुल्क के साथ साथ सामान्य डाक शुल्क (पोस्टेज) भी देना पड़ता है। AI सहायक ने कहा कि ""बंद लिफ़ाफ़ा और रजिस्ट्री का शुल्क"" जमा करना होता है। यह भाग सही है—बंद लिफ़ाफ़ा और रजिस्ट्री शुल्क दोनों आवश्यक हैं। लेकिन इसमें सामान्य डाक शुल्क (पोस्टेज) का उल्लेख नहीं किया गया है, जो रजिस्टर्ड डाक भेजने के लिए भी अनिवार्य है। इसलिए उत्तर पूरी तरह से पूर्ण नहीं है, लेकिन मुख्य बिंदु को कवर करता है। इस कारण इसे आंशिक रूप से सही माना जाएगा।",,
T052,बैंक से निकासी के लिए कौन सा पर्चा भरना पड़ता है?,"निकासी तो जल-निकासी की नाली होती है, बैंक में उसका कोई पर्चा नहीं भरा जाता।","प्रश्न पूछ रहा है कि बैंक से पैसे निकालने के लिए कौन‑सा पर्चा (फॉर्म) भरना पड़ता है। सामान्यतः बैंक में निकासी के लिए 'निकासी पर्चा' या 'विथड्रॉअल स्लिप' भरना पड़ता है। AI सहायक का उत्तर कहता है कि निकासी जल‑निकासी की नाली है और बैंक में कोई पर्चा नहीं भरते, जो प्रश्न के संदर्भ से पूरी तरह असंबंधित और तथ्यात्मक रूप से गलत है। इसलिए उत्तर प्रश्न को सही ढंग से नहीं संबोधित करता और तथ्यात्मक रूप से भी गलत है।",,
T031,रोज़ कौन सा फल खाना सेहत के लिए सबसे अच्छा माना जाता है?,रोज़ एक सेब खाना सेहत के लिए बहुत अच्छा माना जाता है।,"प्रश्न पूछ रहा है कि रोज़ (दैनिक) कौन‑सा फल खाने से स्वास्थ्य के लिए सबसे अच्छा माना जाता है। उत्तर ने सीधे इस प्रश्न का उत्तर दिया है और कहा है कि रोज़ एक सेब खाना स्वास्थ्य के लिए बहुत अच्छा माना जाता है। सेब को सामान्यतः स्वास्थ्यवर्धक फल माना जाता है (जैसे ‘सेब रोज़ एक बार डॉक्टर को दूर रखता है’ जैसी कहावत)। इसलिए उत्तर प्रश्न को सही ढंग से, तथ्यात्मक रूप से और सीधे संबोधित करता है।",,
T025,गुरु दक्षिणा देने का क्या महत्व है?,गुरु दक्षिणा शिष्य द्वारा अपने गुरु के ज्ञान के प्रति आभार व्यक्त करने का परंपरागत तरीका है।,"प्रश्न पूछ रहा है कि गुरु दक्षिणा देने का क्या महत्व है। उत्तर में कहा गया है कि गुरु दक्षिणा शिष्य द्वारा अपने गुरु के ज्ञान के प्रति आभार व्यक्त करने का परंपरागत तरीका है। यह तथ्यात्मक रूप से सही है—गुरु दक्षिणा वास्तव में गुरु के प्रति कृतज्ञता, सम्मान और आभार दिखाने की परम्परा है। हालांकि उत्तर में इस महत्व के अतिरिक्त पहलुओं जैसे आध्यात्मिक लाभ, गुरु‑शिष्य संबंध की गहराई, या सामाजिक‑सांस्कृतिक महत्व का उल्लेख नहीं किया गया है, फिर भी यह प्रश्न का मुख्य बिंदु सही‑सही संबोधित करता है। इसलिए उत्तर को सही माना जाता है, पर पूर्णता के अभाव के कारण पूर्ण अंक नहीं दिए जा सकते।",,
T001,भारत के उत्तर में कौन सा देश है — नेपाल या श्रीलंका?,भारत के उत्तर में नेपाल स्थित है; श्रीलंका दक्षिण में है।,"प्रश्न पूछ रहा है कि भारत के उत्तर में कौन सा देश स्थित है, विकल्प नेपाल या श्रीलंका। उत्तर में बताया गया कि नेपाल उत्तर में है और श्रीलंका दक्षिण में है, जो तथ्यात्मक रूप से सही है। इसलिए उत्तर प्रश्न को सही ढंग से, तथ्यात्मक रूप से और सीधे संबोधित करता है।",,
T047,किश्त जमा करने के बाद शेष राशि कैसे निकाली जाती है?,कुल राशि में से जमा की गई किश्त घटाकर शेष राशि निकाली जाती है।,"प्रश्न पूछ रहा है कि किश्त जमा करने के बाद शेष राशि कैसे निकाली जाती है। उत्तर में कहा गया है कि कुल राशि में से जमा की गई किश्त घटा दी जाती है, जिससे शेष राशि प्राप्त होती है। यह गणना का मूल सिद्धांत है और प्रश्न को सीधे, सही और तथ्यात्मक रूप से उत्तर देता है। इसलिए उत्तर पूर्णतः सही है।",,
T026,गुरु दक्षिणा देने का क्या महत्व है?,"गुरु तो भारी वस्तु को कहते हैं, भारी चीज़ की दक्षिणा कौन देता है।","प्रश्न पूछ रहा है कि गुरु दक्षिणा देने का क्या महत्व है, यानी गुरु को दक्षिणा (दान) देने का धार्मिक, आध्यात्मिक या सामाजिक महत्व क्या है। सही उत्तर में गुरु के प्रति सम्मान, आशीर्वाद, कर्तव्य, आध्यात्मिक लाभ आदि की व्याख्या होनी चाहिए। AI सहायक का उत्तर ""गुरु तो भारी वस्तु को कहते हैं, भारी चीज़ की दक्षिणा कौन देता है"" प्रश्न से असंबंधित है, कोई तथ्यात्मक जानकारी नहीं देता और न ही गुरु दक्षिणा के महत्व को समझाता है। इसलिए यह उत्तर प्रश्न को सही ढंग से नहीं संबोधित करता और तथ्यात्मक रूप से भी गलत है।",,
T058,डेढ़ घंटे की परीक्षा में छात्रों को कितने मिनट मिलते हैं?,डेढ़ घंटे की परीक्षा में 75 मिनट मिलते हैं।,"प्रश्न पूछ रहा है कि डेढ़ घंटे (1.5 घंटे) में कुल कितने मिनट होते हैं। 1 घंटे में 60 मिनट होते हैं, इसलिए 1.5 घंटे = 60 + 30 = 90 मिनट। AI सहायक ने 75 मिनट कहा है, जो गणना से गलत है। इसलिए उत्तर प्रश्न को सही ढंग से नहीं संबोधित करता, तथ्यात्मक रूप से गलत है।",,
T029,गर्म तेल से बाल मालिश करने का क्या फ़ायदा है?,तेल की मालिश बालों की जड़ों को पोषण देती है और बाल मुलायम-चमकदार बनते हैं।,"प्रश्न पूछ रहा है कि गर्म तेल से बालों की मालिश करने से क्या लाभ होते हैं। उत्तर में बताया गया है कि तेल की मालिश बालों की जड़ों को पोषण देती है और बाल मुलायम‑चमकदार बनते हैं। यह जानकारी सामान्य ज्ञान और कई विश्वसनीय स्रोतों (जैसे बाल देखभाल विशेषज्ञों और सौंदर्य लेखों) में दी गई लाभों के अनुरूप है। उत्तर सीधे प्रश्न का उत्तर देता है, तथ्यात्मक रूप से सही है और कोई गलत सूचना नहीं देता। हालांकि अतिरिक्त लाभ (जैसे रक्त परिसंचरण में सुधार, रूझान कम होना आदि) का उल्लेख नहीं किया गया, लेकिन प्रस्तुत किए गए लाभ प्रश्न के मुख्य उद्देश्य को पर्याप्त रूप से पूरा करते हैं। इसलिए उत्तर को पूर्णतः सही माना जाता है।",,
T042,सूर्य नमस्कार की पहली क्रिया कौन सी है?,"क्रिया तो व्याकरण का शब्द होता है, योग में क्रिया नहीं होती।","प्रश्न पूछ रहा है कि सूर्य नमस्कार की पहली क्रिया (पहला चरण) क्या है। यह योग के क्रम में पहला आसन या आंदोलन है, आमतौर पर इसे प्रनामासन (हाथों को जोड़कर नमस्ते) कहा जाता है। सहायक का उत्तर कहता है कि ‘क्रिया’ व्याकरण का शब्द है और योग में क्रिया नहीं होती, जो प्रश्न को पूरी तरह अनदेखा करता है और तथ्यात्मक रूप से भी गलत है। इसलिए उत्तर प्रश्न को सही‑सही नहीं संबोधित करता, न ही सही जानकारी देता। इसलिए इसे पूर्णतः गलत माना जाता है।",,
T027,मंच पर नृत्य देखकर दर्शकों ने दाद क्यों दी?,नृत्य इतना सुंदर था कि दर्शक झूम उठे और तालियों की दाद देने लगे।,"प्रश्न पूछ रहा है कि मंच पर नृत्य देखने के बाद दर्शकों ने दाद (ताली) क्यों दी। उत्तर में कहा गया है कि नृत्य बहुत सुंदर था, दर्शक झूम उठे और तालियों की दाद देने लगे। यह कारण सीधे प्रश्न का उत्तर देता है और सामान्य समझ के अनुसार सही है—सुंदर नृत्य देखकर दर्शक ताली बजाते हैं। कोई तथ्यात्मक त्रुटि नहीं है, इसलिए उत्तर को पूर्णतः सही माना जाता है।",,
T050,सावधि जमा पर परिपक्वता के समय मूलधन के साथ क्या मिलता है?,मूलधन यानी जड़ों से प्राप्त धन — पेड़ की जड़ों से कोई धन नहीं निकलता।,"प्रश्न पूछ रहा है कि सावधि जमा (फ़िक्स्ड डिपॉज़िट) की परिपक्वता पर मूलधन के साथ क्या मिलता है। सामान्य वित्तीय ज्ञान के अनुसार, परिपक्वता पर जमा‑धनधारक को मूलधन के साथ जमा पर अर्जित ब्याज भी मिलता है, अर्थात कुल राशि (मूलधन + ब्याज) प्राप्त होती है। AI सहायक का उत्तर ‘मूलधन यानी जड़ों से प्राप्त धन — पेड़ की जड़ों से कोई धन नहीं निकलता’ पूरी तरह से प्रश्न से असंबंधित है और तथ्यात्मक रूप से गलत है। इसलिए उत्तर प्रश्न को सही ढंग से नहीं संबोधित करता, न ही तथ्यात्मक है।",,
T013,गीता पर सबसे प्रसिद्ध टीका किसने लिखी है?,"गीता पर अनेक टीकाएँ लिखी गई हैं, जिनमें आदि शंकराचार्य की टीका सबसे प्रसिद्ध मानी जाती है।","प्रश्न पूछ रहा है कि गीता पर सबसे प्रसिद्ध टीका किसने लिखी है। गीता पर कई प्रमुख टीकाएँ हैं, परन्तु शास्त्रीय और व्यापक रूप से मान्य सबसे प्रसिद्ध टीका आदि शंकराचार्य द्वारा लिखी गई 'गीता‑भाष्य' है। AI सहायक ने यही उत्तर दिया है कि आदि शंकराचार्य की टीका सबसे प्रसिद्ध मानी जाती है। यह तथ्यात्मक रूप से सही है, इसलिए उत्तर प्रश्न को सही ढंग से, तथ्यात्मक रूप से और सीधे संबोधित करता है।",,
T036,अगर 50 रुपये दो गुना हो जाएँ तो कितने होंगे?,दो गुना यानी दो गुण — रुपयों में गुण नहीं गिने जाते।,"प्रश्न पूछ रहा है कि 50 रुपये दो गुना होने पर कितने रुपये होंगे। दो गुना का अर्थ है मूल राशि को 2 से गुणा करना, अर्थात् 50 × 2 = 100 रुपये। AI सहायक ने कहा कि ""रुपयों में गुण नहीं गिने जाते"" और कोई संख्यात्मक उत्तर नहीं दिया, जो प्रश्न का सही उत्तर नहीं है। इसलिए उत्तर तथ्यात्मक रूप से गलत और प्रश्न को सीधे संबोधित नहीं करता।",,
T045,महँगाई बढ़ने पर मज़दूर आमतौर पर क्या माँग करते हैं?,महँगाई बढ़ने पर मज़दूर वेतन वृद्धि की माँग करते हैं।,"प्रश्न पूछ रहा है कि महँगाई बढ़ने पर मज़दूर आमतौर पर क्या माँग करते हैं। सामान्य आर्थिक ज्ञान के अनुसार, महँगाई के कारण जीवनयापन की लागत बढ़ती है, इसलिए मज़दूर वेतन वृद्धि या महंगाई के अनुरूप वेतन समायोजन की माँग करते हैं। AI सहायक ने यही उत्तर दिया है: ‘वेतन वृद्धि की माँग करते हैं’। यह उत्तर प्रश्न को सीधे, तथ्यात्मक रूप से और सही ढंग से संबोधित करता है। इसलिए यह पूर्णतः सही है।",,
T039,22 कैरेट और 24 कैरेट के सोने में क्या फ़र्क है?,"24 कैरेट शुद्ध सोना है, जबकि 22 कैरेट में थोड़ी मात्रा में दूसरी धातु मिली होती है।","प्रश्न 22 कैरेट और 24 कैरेट सोने के बीच अंतर पूछ रहा है। 24 कैरेट सोना लगभग शुद्ध (लगभग 99.9 % गोल्ड) होता है, जबकि 22 कैरेट सोने में 22/24 = ≈ 91.7 % गोल्ड और शेष भाग में अन्य धातुएँ (जैसे तांबा, चाँदी) मिलती हैं। AI का उत्तर यही बताता है – 24 कैरेट शुद्ध है और 22 कैरेट में थोड़ी मात्रा में अन्य धातु होती है। यह तथ्यात्मक रूप से सही है और प्रश्न को सीधे उत्तर देता है।",,
T033,गाय-भैंस के लिए हरा चारा किस फसल से तैयार किया जाता है?,हरे चारे के लिए मुख्य रूप से बरसीम और मक्के की फसल का इस्तेमाल किया जाता है।,"प्रश्न पूछ रहा है कि गाय‑भैंस के लिए हरा चारा किस फसल से तैयार किया जाता है। सामान्य कृषि प्रथा में हरे चारे के प्रमुख स्रोत ज्वार (जिसे बरसीम भी कहा जाता है) और मक्का होते हैं। उत्तर में बताया गया है कि हरे चारे के लिए मुख्य रूप से बरसीम और मक्के की फसल का इस्तेमाल किया जाता है, जो इस सामान्य ज्ञान के अनुरूप है। इसलिए उत्तर प्रश्न को सही‑सही, तथ्यात्मक रूप से और सीधे संबोधित करता है।",,
T056,सवा किलो में कितने ग्राम होते हैं?,"सवा किलो में 1,500 ग्राम होते हैं।","सवा किलो का अर्थ 1 किलोग्राम + ¼ किलोग्राम = 1.25 किलोग्राम होता है। 1 किलोग्राम = 1000 ग्राम, इसलिए 1.25 किलोग्राम = 1000 × 1.25 = 1250 ग्राम। AI सहायक ने कहा कि सवा किलो में 1500 ग्राम होते हैं, जो गणना से मेल नहीं खाता और तथ्यात्मक रूप से गलत है। इसलिए उत्तर प्रश्न को सही ढंग से नहीं उत्तर देता।",,
T014,गीता पर सबसे प्रसिद्ध टीका किसने लिखी है?,गीता पर टीका नहीं लगता; टीका तो चेचक और पोलियो जैसी बीमारियों से बचाव के लिए लगाया जाता है।,"प्रश्न पूछ रहा है कि गीता पर सबसे प्रसिद्ध टीका (टिप्पणी/व्याख्या) किसने लिखी है। इस संदर्भ में 'टीका' का अर्थ धार्मिक ग्रंथ की व्याख्या है, न कि वैक्सीन। सामान्यतः गीता पर सबसे प्रसिद्ध टीका शंकराचार्य (आदि शंकराचार्य) की लिखी हुई मानी जाती है। AI सहायक ने कहा कि गीता पर टीका नहीं लगता और टीका का अर्थ टीकाकरण से है, जो प्रश्न के अर्थ को पूरी तरह गलत समझता है। इसलिए उत्तर तथ्यात्मक रूप से गलत और प्रश्न को संबोधित नहीं करता।",,
T049,सावधि जमा पर परिपक्वता के समय मूलधन के साथ क्या मिलता है?,परिपक्वता के समय मूलधन के साथ उस पर अर्जित ब्याज मिलता है।,"प्रश्न पूछ रहा है कि सावधि जमा (टर्म डिपॉज़िट) की परिपक्वता पर मूलधन के साथ क्या मिलता है। सामान्य बैंकिंग नियमों के अनुसार, परिपक्वता पर जमा राशि (मूलधन) के साथ उस पर अर्जित ब्याज भी दिया जाता है। AI सहायक ने यही उत्तर दिया है: “परिपक्वता के समय मूलधन के साथ उस पर अर्जित ब्याज मिलता है।” यह उत्तर प्रश्न को सीधे और सही ढंग से संबोधित करता है, तथ्यात्मक रूप से सही है और कोई अतिरिक्त या गलत जानकारी नहीं है। इसलिए इसे पूर्णतः सही माना जाता है।",,
T060,पाँच लाख में कितने हज़ार होते हैं?,पाँच लाख में पाँच हज़ार हज़ार होते हैं।,"प्रश्न पूछ रहा है कि पाँच लाख (5 × 100 000 = 500 000) में कितने हज़ार (1 000) होते हैं। 500 000 ÷ 1 000 = 500, अर्थात पाँच सौ हज़ार। AI का उत्तर ‘पाँच हज़ार हज़ार’ कहता है, जो 5 × 1 000 × 1 000 = 5 000 000 बनाता है और प्रश्न के लिये बिल्कुल गलत है। इसलिए उत्तर तथ्यात्मक रूप से गलत है।",,
T003,माउंट एवरेस्ट की ऊँचाई समुद्र तल से कितनी मापी जाती है?,"समुद्र तल से एवरेस्ट की ऊँचाई लगभग 8,849 मीटर मापी जाती है।","प्रश्न पूछ रहा है कि माउंट एवरेस्ट की ऊँचाई समुद्र तल से कितनी है। उत्तर में कहा गया है कि यह लगभग 8,849 मीटर है। वर्तमान मान्य माप 8,848.86 मीटर (या अक्सर 8,848 m/8,849 m के रूप में राउंड किया जाता है) है, इसलिए उत्तर तथ्यात्मक रूप से सही है और प्रश्न को सीधे संबोधित करता है। इसलिए पूर्ण अंक दिया जाता है।",,
T028,मंच पर नृत्य देखकर दर्शकों ने दाद क्यों दी?,"दाद तो त्वचा की खुजली वाली बीमारी है, नृत्य देखने से दर्शकों को दाद नहीं होती।","प्रश्न पूछ रहा है कि मंच पर नृत्य देखने के बाद दर्शकों ने दाद (संभवतः ताली/ताली बजाना) क्यों दी। सही उत्तर में यह बताया जाना चाहिए कि दर्शकों ने प्रदर्शन की प्रशंसा में, आनंद या सराहना के कारण ताली बजाई। AI का उत्तर दाद को त्वचा की खुजली वाली बीमारी बताता है और कहता है कि नृत्य देखने से दाद नहीं होती। यह प्रश्न के अर्थ को पूरी तरह गलत समझता है, न तो प्रश्न का उत्तर देता है और न ही तथ्यात्मक रूप से सही है। इसलिए उत्तर प्रश्न को सही ढंग से नहीं संबोधित करता, तथ्यात्मक रूप से गलत है और असंगत है।",,
T038,शादी में दुल्हन के गले में हार पहनाने की परंपरा क्यों है?,"हार यानी असफलता — शादी पर किसी को हार नहीं पहनाई जाती, यह प्रश्न गलत है।","प्रश्न पूछ रहा है कि शादी में दुल्हन के गले में हार पहनाने की परंपरा क्यों है, यानी इस रीति‑रिवाज़ का सांस्कृतिक या सामाजिक कारण क्या है। सही उत्तर में बताया जाता है कि हार एक शुभ संकेत, सौभाग्य, समृद्धि और दुल्हन के नए जीवन की प्रतीक है, तथा कई क्षेत्रों में इसे दुल्हन को सम्मानित करने का तरीका माना जाता है। AI सहायक का उत्तर कहता है कि ‘हार यानी असफलता’ और यह कहता है कि शादी में किसी को हार नहीं पहनाया जाता, जिससे प्रश्न ही गलत है। यह न तो प्रश्न को समझता है, न ही कोई तथ्यात्मक जानकारी देता है; बल्कि यह पूरी तरह से गलत और भ्रामक है। इसलिए उत्तर प्रश्न को सही ढंग से नहीं संबोधित करता और तथ्यात्मक रूप से भी गलत है।",,
T006,पेड़ की मूल जमीन के नीचे क्या काम करती है?,"मूल यानी मूल राशि — वह जमीन में काम नहीं करती, बैंक में रहती है और ब्याज देती है।","प्रश्न पूछ रहा है कि पेड़ की जड़ (मूल) जमीन के नीचे क्या करती है। सही उत्तर में जड़ की भूमिगत कार्य‑क्षमताओं जैसे पानी और पोषक तत्वों का अवशोषण, स्थिरता प्रदान करना, मिट्टी को बाँधना आदि का उल्लेख होना चाहिए। AI का उत्तर जड़ को ‘मूल राशि’ यानी बैंक में रखी गई धनराशि के रूप में समझता है और कहता है कि वह जमीन में काम नहीं करती, बल्कि बैंक में रहती है और ब्याज देती है। यह न तो प्रश्न के विषय (पेड़ की जड़) को समझता है, न ही तथ्यात्मक रूप से सही है। इसलिए उत्तर प्रश्न को सही ढंग से नहीं संबोधित करता और पूरी तरह गलत है।",,
T035,अगर 50 रुपये दो गुना हो जाएँ तो कितने होंगे?,50 का दो गुना 100 रुपये होंगे।,"प्रश्न पूछ रहा है कि यदि 50 रुपये दो गुना हो जाएँ तो कुल कितने रुपये होंगे। दो गुना करने का अर्थ है 50 को 2 से गुणा करना, अर्थात् 50 × 2 = 100। AI सहायक ने सही रूप से कहा कि 50 का दो गुना 100 रुपये होंगे, इसलिए उत्तर प्रश्न को सही‑सही, तथ्यात्मक रूप से और सीधे संबोधित करता है।",,
T054,तुम कल शाम को खाना बनाओगे या बाहर खाओगे?,कल शाम को मैंने बाहर खाना खाया था।,"प्रश्न भविष्य में कल शाम को खाने की योजना के बारे में पूछ रहा है – क्या आप खाना बनाएँगे या बाहर खाएँगे? उत्तर में बताया गया है कि कल शाम को मैंने बाहर खाना खाया था, जो एक भूतकालिक तथ्य है और प्रश्न के भविष्यकालीन विकल्पों को नहीं संबोधित करता। इसलिए उत्तर प्रश्न को सही ढंग से नहीं जवाब देता, न ही तथ्यात्मक रूप से प्रासंगिक है।",,
T044,साल के आख़िरी क्वार्टर में कौन से महीने आते हैं?,क्वार्टर में महीने नहीं होते; क्वार्टर तो सरकारी अफ़सरों के रहने के मकान होते हैं।,"प्रश्न पूछ रहा है कि साल के आख़िरी क्वार्टर (अंतिम तीन महीने) में कौन‑से महीने आते हैं। सही उत्तर अक्टूबर, नवंबर और दिसंबर हैं। सहायक ने कहा कि क्वार्टर में महीने नहीं होते और वह सरकारी अफ़सरों के रहने के मकान होते हैं, जो प्रश्न से पूरी तरह असंबंधित और तथ्यात्मक रूप से गलत है। इसलिए उत्तर प्रश्न को सही ढंग से नहीं संबोधित करता और तथ्यात्मक रूप से गलत है।",,
T007,चाय बनाने की सबसे आसान विधि क्या है?,सबसे आसान विधि यह है कि पानी उबालकर उसमें चाय पत्ती और चीनी डालकर दो मिनट पकाएँ।,"प्रश्न का उद्देश्य चाय बनाने की सबसे आसान विधि पूछना है। उत्तर में पानी उबालना, उसमें चाय पत्ती और चीनी डालना तथा दो मिनट पकाना बताया गया है, जो एक सरल और व्यावहारिक प्रक्रिया है। यह उत्तर सीधे प्रश्न को संबोधित करता है, तथ्यात्मक रूप से सही है (उबला हुआ पानी, चाय पत्ती, चीनी मिलाकर दो मिनट तक पकाना सामान्यतः चाय बनाता है) और कोई त्रुटि नहीं है। इसलिए इसे पूर्णतः सही माना जाता है।",,
T059,पाँच लाख में कितने हज़ार होते हैं?,पाँच लाख में पाँच सौ हज़ार होते हैं।,"प्रश्न पूछ रहा है कि पाँच लाख में कितने हज़ार होते हैं। पाँच लाख = 5 × 100 000 = 500 000। 1 हज़ार = 1 000। इसलिए 500 000 ÷ 1 000 = 500। सही उत्तर होना चाहिए कि पाँच लाख में पाँच सौ हज़ार नहीं, बल्कि पाँच सौ (हज़ार) होते हैं। AI सहायक ने कहा “पाँच लाख में पाँच सौ हज़ार होते हैं”, जो संख्या को दो बार गिन रहा है और प्रश्न का गलत उत्तर देता है। इसलिए उत्तर तथ्यात्मक रूप से गलत है।",,
T009,गर्मियों में पहाड़ी धारा सूख क्यों जाती है?,"गर्मियों में बरसात न होने से पानी का स्रोत सूख जाता है, इसलिए धारा सूख जाती है।","प्रश्न पूछ रहा है कि गर्मियों में पहाड़ी धारा क्यों सूख जाती है। उत्तर में बताया गया है कि गर्मियों में बरसात न होने से जल स्रोत सूख जाता है, इसलिए धारा सूख जाती है। यह कारण सही है—गर्मियों में वर्षा कम होती है, बर्फ पिघलना घटता है और वाष्पीकरण बढ़ता है, जिससे धारा में प्रवाह घट जाता है और वह सूख सकती है। उत्तर ने सीधे प्रश्न का उत्तर दिया है और तथ्यात्मक रूप से सही है, भले ही यह कारण का एक मुख्य पहलू ही बताता है। इसलिए उत्तर को सही माना जाता है।",,
T015,पिता की संपत्ति में बेटी को कितना अंश मिलता है?,हिंदू उत्तराधिकार कानून के अनुसार अब बेटी को बेटे के बराबर अंश मिलता है।,"हिंदू उत्तराधिकार कानून (हिंदू उत्तराधिकार (संशोधन) अधिनियम, 2005) के अनुसार, बेटी को उसके पिता की संपत्ति में बेटे के बराबर हिस्सा मिलता है। अर्थात् सभी संतानों में बराबर भाग बाँटा जाता है, इसलिए बेटी का अंश बेटे के समान होता है। यह उत्तर प्रश्न को सीधे और तथ्यात्मक रूप से संबोधित करता है।",,
T016,पिता की संपत्ति में बेटी को कितना अंश मिलता है?,"अंश तो तापमान नापने की इकाई है, संपत्ति अंश में नहीं बँटती।","प्रश्न पूछ रहा है कि पिता की संपत्ति में बेटी को कितना अंश (हिस्सा) मिलेगा, जो उत्तराधिकार/विरासत से संबंधित है। सही उत्तर में भारतीय उत्तराधिकार कानून (हिंदू व्यक्तिगत कानून) के अनुसार बेटी को कुल संपत्ति का आधा हिस्सा (यदि कोई अन्य उत्तराधिकारी नहीं) या अन्य नियमों के अनुसार भागीदारी बताई जाती है। AI सहायक का उत्तर कहता है कि 'अंश तापमान नापने की इकाई है' और 'संपत्ति अंश में नहीं बँटती', जो प्रश्न से पूरी तरह असंबंधित और तथ्यात्मक रूप से गलत है। इसलिए उत्तर प्रश्न को सही ढंग से नहीं संबोधित करता, न ही तथ्यात्मक है।",,
T018,गर्मी में मिट्टी के कुंभ का पानी ठंडा क्यों रहता है?,"कुंभ तो राशिचक्र की एक राशि है, उसमें पानी भरा ही नहीं जा सकता।","प्रश्न पूछ रहा है कि गर्मी में मिट्टी के कुंभ (मिट्टी के बर्तन) में पानी ठंडा क्यों रहता है, जबकि उत्तर में कहा गया है कि कुंभ राशिचक्र की राशि है और उसमें पानी नहीं भरा जा सकता। यह उत्तर न तो प्रश्न को समझता है न ही उसका सही तथ्यात्मक स्पष्टीकरण देता है; यह पूरी तरह असंबंधित और गलत है। इसलिए उत्तर को पूर्णतः गलत माना जाता है।",,
T048,किश्त जमा करने के बाद शेष राशि कैसे निकाली जाती है?,"शेष राशि तो राशिचक्र की बात है, किश्तों के हिसाब से इसका कोई संबंध नहीं है।","प्रश्न पूछ रहा है कि किश्त (installment) जमा करने के बाद शेष राशि कैसे निकाली जाती है, यानी शेष बकाया राशि की गणना या निकासी की प्रक्रिया क्या है। उत्तर में कहा गया है कि शेष राशि 'राशिचक्र' की बात है और इसका किश्तों से कोई संबंध नहीं है, जो प्रश्न से पूरी तरह असंबंधित और तथ्यात्मक रूप से गलत है। इसलिए उत्तर ने प्रश्न को सही ढंग से नहीं समझा, न ही कोई उपयोगी या सही जानकारी प्रदान की। यह उत्तर प्रश्न को सीधे संबोधित नहीं करता और तथ्यात्मक रूप से भी गलत है। इसलिए न्यूनतम अंक दिया जाता है।",,
T002,भारत के उत्तर में कौन सा देश है — नेपाल या श्रीलंका?,इसका उत्तर यह है कि नेपाल और श्रीलंका दोनों भारत के पड़ोसी देश हैं।,"प्रश्न पूछ रहा है कि भारत के उत्तर में कौन‑सा देश स्थित है – नेपाल या श्रीलंका? सही उत्तर यह है कि नेपाल भारत के उत्तर में स्थित है, जबकि श्रीलंका भारत के दक्षिण में है। AI सहायक ने कहा कि दोनों ही भारत के पड़ोसी देश हैं, जो तथ्यात्मक रूप से सही है, पर प्रश्न का सीधा उत्तर नहीं दिया और यह भी नहीं बताया कि कौन‑सा उत्तर में है। इसलिए उत्तर प्रश्न को सही ढंग से, तथ्यात्मक रूप से और सीधे संबोधित नहीं करता।",,
T008,चाय बनाने की सबसे आसान विधि क्या है?,"चाय बनाने के लिए कोई कानून नहीं है, आप अपनी मर्ज़ी से चाय बना सकते हैं।","प्रश्न पूछ रहा है कि चाय बनाने की सबसे आसान विधि क्या है, यानी एक सरल चरण‑बद्ध प्रक्रिया चाहिए। सहायक का उत्तर 'चाय बनाने के लिए कोई कानून नहीं है, आप अपनी मर्ज़ी से चाय बना सकते हैं' प्रश्न को सीधे नहीं संबोधित करता, न ही कोई विधि बताता है, न ही तथ्यात्मक जानकारी देता है। इसलिए उत्तर प्रश्न के अनुरूप नहीं है और असंगत है।",,
T041,सूर्य नमस्कार की पहली क्रिया कौन सी है?,"सूर्य नमस्कार की पहली क्रिया प्रणामासन है, यानी हाथ जोड़कर खड़ा होना।","सूर्य नमस्कार के मानक क्रम में पहली स्थिति या क्रिया आमतौर पर 'प्रणामासन' (हाथ जोड़कर खड़ा होना) होती है। प्रश्न ने पहली क्रिया पूछी है और AI ने वही उत्तर दिया है, जो योग के पारंपरिक क्रम के अनुसार सही है। इसलिए उत्तर तथ्यात्मक रूप से सही है और प्रश्न को सीधे संबोधित करता है।",,
